grupo,rotulo_grupo,natureza_tese,rotulo_mais_comum,relator,orgao,data_julgamento,citacoes,qualificado,autocitacoes,primeira_citacao,ultima_citacao,tema,tese_enunciada_pelos_citantes,ementa_precedente,fonte_metadados
1.0,"cobertura, rol, ans, rol ans, tratamento, obrigação",material,EREsp 1.889.704 + EREsp 1.886.929,LUIS FELIPE SALOMAO,SEGUNDA SEÇÃO,2022-06-08,407,True,3,2022-06-27,2026-08-12,,"A Segunda Seção desta Corte superior, apesar de ter formado precedente pelo caráter taxativo do Rol da ANS, manteve o entendimento pela abusividade da recusa de cobertura e da limitação do número de sessões de terapia multidisciplinar para os beneficiários com diagnóstico de ""Transtorno do Espectro Autista"" .","EMBARGOS DE DIVERGÊNCIA. PLANOS E SEGUROS DE SAÚDE. DIVERGÊNCIA ENTRE AS TURMAS DE DIREITO PRIVADO ACERCA DA TAXATIVIDADE OU NÃO DO ROL DE PROCEDIMENTOS E EVENTOS EM SAÚDE ELABORADO PELA ANS. ATRIBUIÇÃO DA AUTARQUIA, INEQUIVOCAMENTE ESTABELECIDA NA SUA PRÓPRIA LEI DE CRIAÇÃO. ATO ESTATAL DO REGIME JURÍDICO DE DIREITO ADMINISTRATIVO AO QUAL SE SUBMETEM FORNECEDORES E CONSUMIDORES DA RELAÇÃO CONTRATUAL DE DIREITO PRIVADO. GARANTE A PREVENÇÃO, O DIAGNÓSTICO, A RECUPERAÇÃO E A REABILITAÇÃO DE TODAS AS ENFERMIDADES. SOLUÇÃO CONCEBIDA E ESTABELECIDA PELO LEGISLADOR PARA EQUILÍBRIO DOS INTERESSES DAS",espelho
1.0,"cobertura, rol, ans, rol ans, tratamento, obrigação",material,REsp 2.108.440 + REsp 2.125.696,NANCY ANDRIGHI,SEGUNDA SEÇÃO,2025-04-03,67,True,3,2025-05-19,2026-08-24,,"O Tribunal de origem, ao decidir ser devido o fornecimento pela operadora do plano de saúde do tratamento pelo método Therasuit, está em sintonia com o recente entendimento da Segunda Seção do STJ, no julgamento do REsp n. 2.108.440/GO e do REsp n. 2.125.696/SP, a respeito do dever de cobertura do tratamento pelo método Therasuit, pois não é considerado experimental e está incluído nas sessões de fisioterapia e/ou terapia ocupacional previstas no rol da ANS.","RECURSO ESPECIAL. AUSÊNCIA DE PREQUESTIONAMENTO. SÚMULA 211/STJ. AÇÃO DE OBRIGAÇÃO DE FAZER. PRESCRIÇÃO DE TERAPIAS MULTIDISCIPLINARES PARA TRATAMENTO DE BENEFICIÁRIO PORTADOR DE MICROCEFALIA, PARALISIA CEREBRAL E EPILEPSIA. PEDIASUIT. EFICÁCIA RECONHECIDA PELO CONSELHO FEDERAL DO PROFISSIONAL DE SAÚDE RESPONSÁVEL PELA REALIZAÇÃO DO PROCEDIMENTO. REGISTRO NA ANVISA. NATUREZA EXPERIMENTAL AFASTADA. MÉTODO ADOTADO DURANTE AS SESSÕES DE FISIOTERAPIA E TERAPIA OCUPACIONAL. PREVISÃO NO ROL DA ANS SEM DIRETRIZES DE UTILIZAÇÃO. 1. Ação de obrigação de fazer ajuizada em 28/04/2016, da qual foi extraíd",espelho
1.0,"cobertura, rol, ans, rol ans, tratamento, obrigação",material,REsp 2.037.616 + REsp 2.038.333 + REsp 2.057.897,NANCY ANDRIGHI,SEGUNDA SEÇÃO,2024-04-24,44,True,10,2024-06-24,2026-06-30,,"""A Diretriz de Utilização  deve ser entendida apenas como elemento organizador da prestação farmacêutica, de insumos e de procedimentos no âmbito da Saúde Suplementar, não podendo a sua função restritiva inibir técnicas diagnósticas essenciais ou alternativas terapêuticas ao paciente, sobretudo quando já tiverem sido esgotados tratamentos convencionais e existir comprovação da eficácia da terapia à luz da medicina baseada em evidências."" .","RECURSO ESPECIAL. CIVIL. PLANO DE SAÚDE. AÇÃO DE OBRIGAÇÃO DE FAZER. ROL DA ANS. NATUREZA JURÍDICA. PRESSUPOSTOS DE SUPERAÇÃO. CRITÉRIOS DA SEGUNDA SEÇÃO. LEGISLAÇÃO SUPERVENIENTE. IRRETROATIVIDADE. CARÁTER INOVADOR. TRATAMENTO CONTINUADO. APLICAÇÃO EX NUNC. NEOPLASIA MALIGNA. MEDICAMENTO QUIMIOTERÁPICO. DIRETRIZES DE UTILIZAÇÃO (DUT). MERO ELEMENTO ORGANIZADOR DA PRESCRIÇÃO FARMACÊUTICA. EFEITO IMPEDITIVO DE TRATAMENTO ASSISTENCIAL. AFASTAMENTO. 1. Tratam os autos da interpretação do alcance das normas definidoras do plano referência de assistência à saúde, também conhecido como Rol de Proced",espelho
1.0,"cobertura, rol, ans, rol ans, tratamento, obrigação",material,EAREsp 1.459.849,MARCO AURELIO BELLIZZE,SEGUNDA SEÇÃO,2020-10-14,43,True,2,2022-03-15,2026-03-16,,"""O reembolso das despesas médico-hospitalares efetuadas pelo beneficiário com tratamento/atendimento de saúde fora da rede credenciada pode ser admitido somente em hipóteses excepcionais, tais como a inexistência ou insuficiência de estabelecimento ou profissional credenciado no local e urgência ou emergência do procedimento"" .","EMBARGOS DE DIVERGÊNCIA EM AGRAVO EM RECURSO ESPECIAL. PLANO DE SAÚDE. REEMBBOLSO DE DESPESAS MÉDICO-HOSPITALARES REALIZADAS FORA DA REDE CREDENCIADA. RESTRIÇÃO A SITUAÇÕES EXCEPCIONAIS. ART. 12, VI, DA LEI N. 9.656/1998. EMBARGOS DE DIVERGÊNCIA DESPROVIDOS. 1. Cinge-se a controvérsia em saber se a operadora de plano de saúde é obrigada a reembolsar as despesas médico-hospitalares relativas a procedimento cirúrgico realizado em hospital não integrante da rede credenciada. 2. O acórdão embargado, proferido pela Quarta Turma do STJ, fez uma interpretação restritiva do art. 12, VI, da Lei n. 9.65",espelho
1.0,"cobertura, rol, ans, rol ans, tratamento, obrigação",material,REsp 1.712.163 + REsp 1.726.563,MOURA RIBEIRO,SEGUNDA SEÇÃO,2018-11-08,33,True,2,2022-05-03,2026-05-04,"Tema Repetitivo 990
Situação do tema: Trânsito em Julgado","A Segunda Seção do STJ, no julgamento do REsp 1.712.163/SP  pela sistemática dos recursos repetitivos, consolidou o entendimento de que  é legítima a recusa da operadora de plano de saúde em custear medicamento importado, não nacionalizado, sem o devido registro pela ANVISA, em atenção ao disposto no art. 10, V, da Lei n.º 9.656/98, sob pena de afronta aos arts.","RECURSO ESPECIAL. RITO DOS RECURSOS ESPECIAIS REPETITIVOS. PLANO DE SAÚDE. CONTROVÉRSIA ACERCA DA OBRIGATORIEDADE DE FORNECIMENTO DE MEDICAMENTO NÃO REGISTRADO PELA ANVISA. 1. Para efeitos do art. 1.040 do NCPC: 1.1. As operadoras de plano de saúde não estão obrigadas a fornecer medicamento não registrado pela ANVISA. 2. Aplicação ao caso concreto: 2.1. Não há ofensa ao art. 535 do CPC/73 quando o Tribunal de origem enfrenta todas as questões postas, não havendo no acórdão recorrido omissão, contradição ou obscuridade. 2.2. É legítima a recusa da operadora de plano de saúde em custear medicame",espelho
1.0,"cobertura, rol, ans, rol ans, tratamento, obrigação",material,AgInt no REsp 1.941.857,ANTONIO CARLOS FERREIRA,QUARTA TURMA,2022-08-29,24,False,0,2022-10-03,2026-04-13,,,"PROCESSUAL CIVIL. CONTRATOS. AGRAVO INTERNO NO RECURSO ESPECIAL. PLANO DE SAÚDE. ROL DA ANS. TAXATIVIDADE. FLEXIBILIZAÇÃO EXCEPCIONAL. POSSIBILIDADE. DECISÃO DE ACORDO COM A JURISPRUDÊNCIA DO STJ. AUTISMO. TRATAMENTO MULTIDISCIPLINAR. NEGATIVA DE COBERTURA. ILEGALIDADE. DANO MORAL. REVISÃO. REEXAME DE CONTEÚDO FÁTICO-PROBATÓRIO. INADMISSIBILIDADE. SÚMULA N. 7/STJ. FALTA DE INDICAÇÃO DOS ARTIGOS DE LEI VIOLADOS. SÚMULA N. 284/STF. DECISÃO MANTIDA. 1. Cumpre observar os seguintes parâmetros objetivos para admitir, em hipóteses excepcionais e restritas, o afastamento das limitações contidas na li",espelho
1.0,"cobertura, rol, ans, rol ans, tratamento, obrigação",material,AgInt no REsp 2.140.939,HUMBERTO MARTINS,TERCEIRA TURMA,2024-10-07,23,False,0,2025-06-16,2026-03-30,,A jurisprudência do STJ é pacífica quanto à impossibilidade de as operadoras de planos de saúde limitarem os procedimentos indicados para o tratamento da doença coberta .,"CIVIL E PROCESSUAL CIVIL. AGRAVO INTERNO NO RECURSO ESPECIAL. PLANO DE SAÚDE. TRANSTORNO DO ESPECTRO AUTISTA. TERAPIAS MULTIDISCIPLINARES. MÉTODO ABA. COBERTURA OBRIGATÓRIA. SÚMULA 1. Segundo entendimento do STJ, ""compete ao profissional habilitado indicar a opção adequada para o tratamento da doença que acomete seu paciente, não incumbindo à seguradora discutir o procedimento, mas custear as despesas de acordo com a melhor técnica."" (AgInt no REsp 1.765.668/DF, Terceira Turma, julgado em 29/4/2019, DJe de 6/5/2019. ) 2. As operadoras de planos de saúde podem limitar as doenças a serem coberta",espelho
1.0,"cobertura, rol, ans, rol ans, tratamento, obrigação",material,AgInt no AgInt no AREsp 1.696.364,MOURA RIBEIRO,TERCEIRA TURMA,2022-08-29,22,False,0,2022-10-03,2025-08-25,,"""A jurisprudência desta Corte entende abusiva a cláusula contratual ou o ato da operadora de plano de saúde que importe em interrupção de terapia por esgotamento do número de sessões anuais asseguradas no Rol de Procedimentos e Eventos em Saúde da ANS"" .","CIVIL E PROCESSO CIVIL. AGRAVO INTERNO NO AGRAVO INTERNO NO AGRAVO EM RECURSO ESPECIAL. RECURSO MANEJADO SOB A ÉGIDE DO NCPC. AÇÃO DE OBRIGAÇÃO DE FAZER. PLANO DE SAÚDE. TRANSTORNO DO ESPECTRO AUTISTA. TERAPIA MULTIDISCIPLINAR. LIMITAÇÃO DO NÚMERO DE SESSÕES. IMPOSSIBILIDADE. ACÓRDÃO RECORRIDO EM CONFORMIDADE COM A JURISPRUDÊNCIA DESTA CORTE. DECISÃO MANTIDA. AGRAVO INTERNO NÃO PROVIDO. 1. Aplica-se o NCPC a este julgamento ante os termos do Enunciado Administrativo n.º 3, aprovado pelo Plenário do STJ na sessão de 9/3/2016: Aos recursos interpostos com fundamento no CPC/2015 (relativos a deci",espelho
1.0,"cobertura, rol, ans, rol ans, tratamento, obrigação",material,AgInt no AgInt nos EDcl no AREsp 1.704.048,RAUL ARAUJO,QUARTA TURMA,2021-08-24,21,False,2,2022-03-21,2026-03-02,,"No caso, existe a peculiaridade, destacada no acórdão recorrido, de o tratamento pleiteado não ser ofertado pelo plano de saúde em sua rede credenciada, ""razão pela qual não há como se falar em aplicação da tabela da operadora do plano de saúde para atendimentos semelhantes, devendo o reembolso ser realizado de forma integral"" .","PLANO DE SAÚDE. AGRAVO INTERNO NO AGRAVO INTERNO NOS EMBARGOS DE DECLARAÇÃO NO AGRAVO EM RECURSO ESPECIAL. TRATAMENTO REALIZADO FORA DA REDE CREDENCIADA EM VIRTUDE DA EXCLUSIVIDADE DA TÉCNICA UTILIZADA. REEMBOLSO INTEGRAL DE DESPESAS MÉDICO-HOSPITALARES. CABIMENTO. REEXAME DE FATOS E PROVAS (SÚMULA 7/STJ). AGRAVO NÃO PROVIDO. PROCESSUAL CIVIL. SEGUNDO AGRAVO INTERNO CONTRA A MESMA DECISÃO. PRINCÍPIO DA UNIRRECORRIBILIDADE. SEGUNDO AGRAVO NÃO CONHECIDO. 1. A colenda Segunda Seção firmou o entendimento de que ""o reembolso das despesas médico-hospitalares efetuadas pelo beneficiário com tratament",espelho
1.0,"cobertura, rol, ans, rol ans, tratamento, obrigação",material,AgInt no AREsp 2.021.667,MARIA ISABEL GALLOTTI,QUARTA TURMA,2022-11-28,19,False,0,2023-03-13,2025-10-20,,"""A taxatividade do Rol de Procedimento e Eventos em Saúde da ANS, pacificada pela Segunda Seção ao examinar os EREsp n° 1.886.929/SP, não prejudica o entendimento há muito consolidado nesta Corte de que é abusiva a cláusula contratual que veda a internação domiciliar  como alternativa à internação hospitalar, por não configurar procedimento, evento ou medicamento diverso daqueles já previstos pela agência"" .","AGRAVO INTERNO. AGRAVO EM RECURSO ESPECIAL. RAZÕES QUE NÃO ENFRENTAM O FUNDAMENTO DA DECISÃO AGRAVADA. PLANO DE SAÚDE. ALEGAÇÃO DE OMISSÃO NO ACÓRDÃO ESTADUAL. INEXISTÊNCIA. HOME CARE. NEGATIVA DE COBERTURA. ABUSIVIDADE. LIMITAÇÃO DE SESSÕES. IMPOSSIBILIDADE. PRECEDENTES. FUNDAMENTOS DO ACÓRDÃO. NÃO IMPUGNAÇÃO. INCIDÊNCIA DO VERBETE 283 DA SÚMULA/STF. 1. As razões do agravo interno não enfrentam adequadamente o fundamento da decisão agravada. 2. Os embargos de declaração só se prestam a sanar obscuridade, omissão ou contradição porventura existentes no acórdão, não servindo à rediscussão da ma",espelho
1.0,"cobertura, rol, ans, rol ans, tratamento, obrigação",material,EREsp 1.424.404,LUIS FELIPE SALOMAO,CORTE ESPECIAL,2021-10-20,18,True,0,2022-05-02,2026-06-22,,"A decisão de inadmissão do recurso especial possui dispositivo único e incindível, de modo que a parte agravante deve impugnar todos os fundamentos nela contidos, conforme entendimento firmado pela Corte Especial do STJ .",,citacao
1.0,"cobertura, rol, ans, rol ans, tratamento, obrigação",material,REsp 2.043.003,NANCY ANDRIGHI,TERCEIRA TURMA,2023-03-21,18,False,6,2023-06-26,2026-06-30,,,"RECURSO ESPECIAL. AÇÃO DE OBRIGAÇÃO DE FAZER. NEGATIVA DE PRESTAÇÃO JURISDICIONAL. AUSÊNCIA. PLANO DE SAÚDE. NATUREZA TAXATIVA, EM REGRA, DO ROL DA ANS. TRATAMENTO MULTIDISCIPLINAR PRESCRITO PARA BENEFICIÁRIO PORTADOR DE TRANSTORNO DO ESPECTRO AUTISTA. MUSICOTERAPIA. COBERTURA OBRIGATÓRIA. REEMBOLSO INTEGRAL. EXCEPCIONALIDADE. 1. Ação de obrigação de fazer, ajuizada em 23/10/2020, da qual foi extraído o presente recurso especial, interposto em 06/04/2022 e concluso ao gabinete em 15/12/2022. 2. O propósito recursal é decidir sobre: (i) a negativa de prestação jurisdicional; (ii) a obrigação de",espelho
1.0,"cobertura, rol, ans, rol ans, tratamento, obrigação",material,AgInt no REsp 2.016.007,MARCO BUZZI,QUARTA TURMA,2023-04-17,16,False,0,2023-06-05,2025-12-16,,"Segundo a jurisprudência do STJ, ""é abusiva a recusa da operadora do plano de saúde de custear a cobertura do medicamento registrado na ANVISA e prescrito pelo médico do paciente, ainda que se trate de fármaco off-label, ou utilizado em caráter experimental, especialmente na hipótese em que se mostra imprescindível à conservação da vida e saúde do beneficiário"" .","AGRAVO INTERNO NO RECURSO ESPECIAL - AÇÃO DE OBRIGAÇÃO DE FAZER - DECISÃO MONOCRÁTICA QUE NEGOU PROVIMENTO AO RECLAMO. INSURGÊNCIA RECURSAL DA PARTE REQUERIDA. 1. Segundo a jurisprudência do STJ, é abusiva a recusa da operadora do plano de saúde de custear a cobertura do medicamento registrado na ANVISA e prescrito pelo médico do paciente, ainda que se trate de fármaco off-label, ou utilizado em caráter experimental, especialmente na hipótese em que se mostra imprescindível à conservação da vida e saúde do beneficiário. 2. Agravo interno desprovido.",espelho
1.0,"cobertura, rol, ans, rol ans, tratamento, obrigação",material,REsp 2.019.618,NANCY ANDRIGHI,TERCEIRA TURMA,2022-11-29,15,False,0,2023-10-02,2026-08-12,,,"RECURSO ESPECIAL. AÇÃO DE OBRIGAÇÃO DE FAZER. PREQUESTIONAMENTO. AUSÊNCIA. SÚMULA 282/STF. OBRIGAÇÃO DE A OPERADORA DE PLANO DE SAÚDE CUSTEAR MEDICAMENTO IMPORTADO NÃO REGISTRADO NA ANVISA. ATENDIMENTO AO CONCEITO DE SAÚDE BASEADA EM EVIDÊNCIAS (SBE) DO ROL TAXATIVO MITIGADO E DO ROL EXEMPLIFICATIVO COM CONDICIONANTES. TEMA 990. APLICAÇÃO DA TÉCNICA DA DISTINÇÃO (DISTINGUISHING) ENTRE A HIPÓTESE CONCRETA DOS AUTOS COM A QUESTÃO DECIDIDA EM SEDE DE RECURSO REPETITIVO. INTERPRETAÇÃO RAZOÁVEL DA CLÁUSULA CONTRATUAL. DANO MORAL NÃO CONFIGURADO. 1. Ação de obrigação de fazer ajuizada em 16/09/2019,",espelho
1.0,"cobertura, rol, ans, rol ans, tratamento, obrigação",material,REsp 2.049.092,NANCY ANDRIGHI,TERCEIRA TURMA,2023-04-11,14,False,2,2023-06-05,2025-06-16,,"Na linha da manifestação do Conselho Federal de Medicina e do Conselho Federal de Fisioterapia e Terapia Ocupacional, o legislador editou a Lei 13.830/2019, na qual reconheceu a equoterapia como método de reabilitação que utiliza o cavalo em abordagem interdisciplinar nas áreas de saúde, educação e equitação voltada ao desenvolvimento biopsicossocial da pessoa com deficiência , cuja prática está condicionada a parecer favorável em avaliação médica, psicológica e fisioterápica"" .","RECURSO ESPECIAL. NEGATIVA DE PRESTAÇÃO JURISDICIONAL. AUSÊNCIA. AÇÃO DE OBRIGAÇÃO DE FAZER. PLANO DE SAÚDE. BENEFICIÁRIO PORTADOR DE PARALISIA CEREBRAL. PRESCRIÇÃO DE SESSÕES DE EQUOTERAPIA. COBERTURA OBRIGATÓRIA. 1. Ação de obrigação de fazer ajuizada em 14/12/2020, da qual foi extraído o presente recurso especial, interposto em 31/05/2022 e concluso ao gabinete em 20/01/2023. 2. O propósito recursal é decidir sobre a negativa de prestação jurisdicional e sobre a obrigatoriedade de a operadora de plano de saúde cobrir as sessões de equoterapia prescritas pelo médico assistente para o benefic",espelho
1.0,"cobertura, rol, ans, rol ans, tratamento, obrigação",material,REsp 1.923.107,NANCY ANDRIGHI,TERCEIRA TURMA,2021-08-10,13,False,1,2022-05-03,2026-05-04,,"Esta Corte Superior tem decidido que é devida a cobertura do medicamento, o qual, ""embora se trate de fármaco importado ainda não registrado pela ANVISA, teve a sua importação excepcionalmente autorizada pela referida Agência Nacional, sendo, pois, de cobertura obrigatória pela operadora de plano de saúde"" .","RECURSO ESPECIAL. AÇÃO COMINATÓRIA COM PEDIDO DE TUTELA ANTECIPADA. EMBARGOS DE DECLARAÇÃO. OMISSÃO, CONTRADIÇÃO OU OBSCURIDADE. NÃO OCORRÊNCIA. VIOLAÇÃO DO ART. 489 DO CPC/2015. INOCORRÊNCIA. OBRIGAÇÃO DE A OPERADORA DE PLANO DE SAÚDE CUSTEAR MEDICAMENTO NÃO REGISTRADO NA ANVISA. TEMA 990. APLICAC?A?O DA TE?CNICA DA DISTINC?A?O (DISTINGUISHING) ENTRE A HIPO?TESE CONCRETA DOS AUTOS COM A QUESTA?O DECIDIDA EM SEDE DE RECURSO REPETITIVO. JULGAMENTO: CPC/15. 1. Ação cominatória ajuizada em 17/12/2015, da qual foi extraído o presente recurso especial, interposto em 10/02/2020 e atribuído ao gabine",espelho
1.0,"cobertura, rol, ans, rol ans, tratamento, obrigação",material,REsp 1.842.475,LUIS FELIPE SALOMAO,QUARTA TURMA,2022-09-27,13,False,0,2023-05-16,2025-10-13,,,"RECURSO ESPECIAL - PLANO DE SAÚDE - INDISPONIBILIDADE DE PRESTADOR DE SERVIÇO CREDENCIADO NA ÁREA DE ABRANGÊNCIA - OPERADORA QUE DESCUMPRE O DEVER DE GARANTIR O ATENDIMENTO NO MESMO MUNICÍPIO, AINDA QUE POR PRESTADOR NÃO INTEGRANTE DA REDE ASSISTENCIAL - INSTÂNCIAS ORDINÁRIAS QUE ESTABELECERAM O DEVER DE REEMBOLSO INTEGRAL, PORÉM NO PRAZO DE 72 HORAS. Hipótese: Controvérsia afeta à possibilidade de considerar cumprida a obrigação do plano de garantir acesso do beneficiário aos serviços e procedimentos para atendimento das coberturas, na hipótese de indisponibilidade de prestador de serviço cre",espelho
1.0,"cobertura, rol, ans, rol ans, tratamento, obrigação",material,AgInt no AREsp 2.083.773,ANTONIO CARLOS FERREIRA,QUARTA TURMA,2023-02-13,12,False,1,2023-05-15,2025-06-23,,,"PROCESSUAL CIVIL. CONTRATOS. AGRAVO INTERNO NO AGRAVO EM RECURSO ESPECIAL. PLANO DE SAÚDE. ROL DA ANS. TAXATIVIDADE. FLEXIBILIZAÇÃO. POSSIBILIDADE. DECISÃO DE ACORDO COM A JURISPRUDÊNCIA DO STJ. AUTISMO. TRATAMENTO MULTIDISCIPLINAR. NEGATIVA DE COBERTURA. ILEGALIDADE. SERVIÇO INEXISTENTE NA REDE CONVENIADA. REEMBOLSO INTEGRAL DE DESPESAS MÉDICO-HOSPITALARES. POSSIBILIDADE. REEXAME DE FATOS E PROVAS. INVIABILIDADE. SÚMULA N. 7/STJ. DECISÃO MANTIDA. 1. Cumpre observar os seguintes parâmetros objetivos para admitir, em hipóteses excepcionais e restritas, o afastamento das limitações contidas na l",espelho
1.0,"cobertura, rol, ans, rol ans, tratamento, obrigação",material,REsp 1.990.471,NANCY ANDRIGHI,TERCEIRA TURMA,2023-04-11,11,False,4,2023-08-08,2026-04-22,,,"RECURSO ESPECIAL. AÇÃO DE INDENIZAÇÃO POR DANOS MATERIAIS C/C COMPENSAÇÃO POR DANO MORAL. NEGATIVA DE PRESTAÇÃO JURISDICIONAL. OMISSÃO. AUSÊNCIA. PLANO DE SAÚDE. INDISPONIBILIDADE OU INEXISTÊNCIA DE PRESTADOR DA REDE CREDENCIADA. OBRIGAÇÃO DE REEMBOLSO DA OPERADORA. 1. Ação de indenização por danos materiais c/c compensação por dano moral ajuizada em 11/02/2020, da qual foi extraído o presente recurso especial, interposto em 15/12/2021 e concluso ao gabinete em 19/04/2022. 2. O propósito recursal é decidir sobre a negativa de prestação jurisdicional e o dever de a operadora de plano de saúde r",espelho
1.0,"cobertura, rol, ans, rol ans, tratamento, obrigação",material,REsp 2.008.283,NANCY ANDRIGHI,TERCEIRA TURMA,2023-04-11,11,False,1,2023-06-05,2025-03-17,,"Esta Corte Superior possui entendimento de que ""a obrigação principal assumida pela operadora é a de disponibilizar, em sua rede credenciada, profissionais aptos a realizar o atendimento do beneficiário; apenas na hipótese de indisponibilidade ou inexistência de prestador credenciado, surge para a operadora o dever de garantir atendimento fora da rede credenciada ou fora do município, nos moldes do que estabelece a Resolução Normativa 566/2022"" .","RECURSO ESPECIAL. AÇÃO DE OBRIGAÇÃO DE FAZER. PLANO DE SAÚDE. BENEFICIÁRIO PORTADOR DE SÍNDROME DE DOWN. PRESCRIÇÃO DE TRATAMENTO COM TERAPIAS MULTIDISCIPLINARES INCLUINDO EQUOTERAPIA. SESSÕES ILIMITADAS. COBERTURA OBRIGATÓRIA. ATENDIMENTO POR PROFISSIONAIS FORA DA REDE CREDENCIADA. EXCEÇÃO. 1. Ação de obrigação de fazer ajuizada em 04/02/2020, da qual foi extraído o presente recurso especial, interposto em 05/11/2021 e concluso ao gabinete em 04/07/2022. 2. O propósito recursal é decidir sobre a obrigação de a operadora do plano de saúde cobrir as terapias multidisciplinares prescritas para o",espelho
1.0,"cobertura, rol, ans, rol ans, tratamento, obrigação",material,AgInt no REsp 2.122.472,HUMBERTO MARTINS,TERCEIRA TURMA,2024-10-28,10,False,0,2025-04-28,2025-11-24,,"O acórdão recorrido reconheceu a obrigatoriedade da operadora de custear o tratamento multidisciplinar prescrito, em observância ao novo regime legal e aos precedentes do STJ sobre a cobertura obrigatória de terapias voltadas ao tratamento de TEA , estando, portanto, alinhado à jurisprudência dominante, o que atrai a aplicação da Súmula 83 do STJ.","CIVIL E PROCESSUAL CIVIL. RECURSO ESPECIAL. PLANO DE SAÚDE. TERAPIAS MULTIDISCIPLINARES. TRANSTORNO DO ESPECTRO AUTISTA. TAXATIVIDADE MITIGADA DO ROL DA ANS. MUSICOTERAPIA. HIDROTERAPIA. EQUOTERAPIA. PSICOPEDAGOGIA REALIZADA POR PSICÓLOGO. COBERTURA OBRIGATÓRIA. PSICOPEDAGOGIA EM AMBIENTE ESCOLAR OU DOMICILIAR E REALIZADA POR PROFISSIONAL DE ENSINO. COBERTURA NÃO OBRIGATÓRIA 1. A jurisprudência mais recente desta Corte é no sentido de reconhecer a obrigatoriedade de custeio de terapias envolvendo equipes multidisciplinares para o tratamento de TEA, inclusive no que diz respeito especificamente",espelho
1.0,"cobertura, rol, ans, rol ans, tratamento, obrigação",material,AgInt no AREsp 1.960.488,LUIS FELIPE SALOMAO,QUARTA TURMA,2022-06-23,10,False,2,2022-08-08,2025-04-09,,"Com efeito, o art. 10º, incisos I, V, IX, da Lei n. 9.656/1998, expressamente exclui da relação contratual a cobertura de tratamento clínico ou cirúrgico experimental, fornecimento de medicamentos importados não nacionalizados e tratamentos não reconhecidos pelas autoridades competentes"" .","PLANOS E SEGUROS DE SAÚDE. AGRAVO INTERNO. ROL DE PROCEDIMENTOS E EVENTOS EM SAÚDE ELABORADO PELA ANS. ATO ESTATAL, DO REGIME JURÍDICO DE DIREITO ADMINISTRATIVO, COM EXPRESSA PREVISÃO EM LEI, AO QUAL SE SUBMETEM FORNECEDORES E CONSUMIDORES DA RELAÇÃO CONTRATUAL DE DIREITO PRIVADO. GARANTE A PREVENÇÃO, O DIAGNÓSTICO, A RECUPERAÇÃO E A REABILITAÇÃO DE TODAS AS ENFERMIDADES. SOLUÇÃO CONCEBIDA E ESTABELECIDA PELO LEGISLADOR PARA HARMONIZAÇÃO DOS INTERESSES DAS PARTES DA RELAÇÃO CONTRATUAL. FISIOTERAPIA PELO MÉTODO THERASUIT E/OU PEDIASUIT. A PAR DA AUSÊNCIA DE PREVISÃO NA RELAÇÃO EDITADA PELA AUTA",espelho
1.0,"cobertura, rol, ans, rol ans, tratamento, obrigação",processual,AgInt no REsp 2.161.153,NANCY ANDRIGHI,TERCEIRA TURMA,2025-02-10,10,False,1,2025-06-16,2026-08-12,,,"CIVIL E PROCESSUAL CIVIL. AGRAVO INTERNO NO RECURSO ESPECIAL. AÇÃO DE OBRIGAÇÃO DE FAZER C/C COMPENSAÇÃO POR DANOS MORAIS. AUSÊNCIA DE IMPUGNAÇÃO DE CAPÍTULO AUTÔNOMO EM DECISÃO MONOCRÁTICA DO RELATOR EM AGRAVO INTERNO. PRECLUSÃO. TEA. TERAPIAS MULTIDISCIPLINARES. RECUSA INDEVIDA. REEXAME DE FATOS E PROVAS. INADMISSIBILIDADE. 1. Ação de obrigação de fazer c/c compensação por danos morais. 2. A ausência de impugnação, no agravo interno, de capítulo autônomo e/ou independente da decisão monocrática do relator - proferida ao apreciar recurso especial ou agravo em recurso especial - apenas acarret",espelho
1.0,"cobertura, rol, ans, rol ans, tratamento, obrigação",material,EAREsp 746.775,,,,10,True,0,2022-03-09,2025-09-22,,,,citacao
1.0,"cobertura, rol, ans, rol ans, tratamento, obrigação",material,REsp 1.983.097,NANCY ANDRIGHI,TERCEIRA TURMA,2022-05-03,10,False,0,2023-08-21,2025-08-18,,"Com efeito, consoante entendimento da Terceira Turma do STJ, ""a autorização da ANVISA para a importação excepcional do medicamento para uso hospitalar ou sob prescrição médica, é medida que, embora não substitua o devido registro, evidencia a segurança sanitária do fármaco, porquanto pressupõe a análise da Agência Reguladora quanto à sua segurança e eficácia [...]"" .","RECURSO ESPECIAL. AÇÃO DE OBRIGAÇÃO DE FAZER COM PEDIDO DE TUTELA DE URGÊNCIA E EVIDÊNCIA. EMBARGOS DE DECLARAÇÃO. OMISSÃO, CONTRADIÇÃO OU OBSCURIDADE. NÃO OCORRÊNCIA. OBRIGAÇÃO DE A OPERADORA DE PLANO DE SAÚDE CUSTEAR MEDICAMENTO NÃO REGISTRADO NA ANVISA. TEMA 990. APLICAÇÃO DA TÉCNICA DA DISTINÇÃO (DISTINGUISHING) ENTRE A HIPÓTESE CONCRETA DOS AUTOS COM A QUESTÃO DECIDIDA EM SEDE DE RECURSO REPETITIVO. JULGAMENTO: CPC/15. 1. Ação de obrigação de fazer ajuizada em 03/07/2020, da qual foi extraído o presente recurso especial, interposto em 21/07/2021 e atribuído ao gabinete em 21/03/2022. Julg",espelho
2.0,"cobertura, recusa, tratamento, danos, medicamento, obrigação",material,REsp 1.733.013,LUIS FELIPE SALOMAO,QUARTA TURMA,2019-12-10,116,False,5,2022-02-08,2026-08-24,,"No âmbito do REsp 1.733.013/PR, esta Quarta Turma firmou o entendimento de que o rol de procedimentos editado pela ANS não pode ser considerado meramente exemplificativo.","PLANOS E SEGUROS DE SAÚDE. RECURSO ESPECIAL. ROL DE PROCEDIMENTOS E EVENTOS EM SAÚDE ELABORADO PELA ANS. ATRIBUIÇÃO DA AUTARQUIA, POR EXPRESSA DISPOSIÇÃO LEGAL E NECESSIDADE DE HARMONIZAÇÃO DOS INTERESSES DAS PARTES DA RELAÇÃO CONTRATUAL. CARACTERIZAÇÃO COMO RELAÇÃO EXEMPLIFICATIVA. IMPOSSIBILIDADE. MUDANÇA DO ENTENDIMENTO DO COLEGIADO (OVERRULING). CDC. APLICAÇÃO, SEMPRE VISANDO HARMONIZAR OS INTERESSES DAS PARTES DA RELAÇÃO CONTRATUAL. EQUILÍBRIO ECONÔMICO-FINANCEIRO E ATUARIAL E SEGURANÇA JURÍDICA. PRESERVAÇÃO. NECESSIDADE. RECUSA DE COBERTURA DE PROCEDIMENTO NÃO ABRANGIDO NO ROL EDITADO PE",espelho
2.0,"cobertura, recusa, tratamento, danos, medicamento, obrigação",material,AgInt no REsp 1.949.270,MARCO BUZZI,QUARTA TURMA,2022-02-21,57,False,7,2022-06-27,2026-06-22,,"Em tal precedente, contudo, fez-se expressa ressalva de que a natureza taxativa ou exemplificativa do aludido rol seria desimportante à análise do dever de cobertura de medicamentos para o tratamento de câncer, em relação aos quais há apenas uma diretriz na resolução da ANS .","AGRAVO INTERNO NO RECURSO ESPECIAL - AÇÃO DE OBRIGAÇÃO DE FAZER - DECISÃO MONOCRÁTICA QUE NEGOU PROVIMENTO AO RECURSO. INSURGÊNCIA DA DEMANDADA. 1. No âmbito do REsp 1.733.013/PR, esta Quarta Turma firmou o entendimento de que o rol de procedimentos editado pela ANS não pode ser considerado meramente exemplificativo. 1.1. Em tal precedente, contudo, fez-se expressa ressalva de que a natureza taxativa ou exemplificativa do aludido rol seria desimportante à análise do dever de cobertura de medicamentos para o tratamento de câncer, em relação aos quais há apenas uma diretriz na resolução da ANS. ",espelho
2.0,"cobertura, recusa, tratamento, danos, medicamento, obrigação",material,AgInt nos EDcl no REsp 1.963.420,MARCO AURELIO BELLIZZE,TERCEIRA TURMA,2022-02-14,49,False,0,2022-05-23,2026-06-22,,"Consoante a jurisprudência do STJ, ""a recusa indevida/injustificada, pela operadora de plano de saúde, em autorizar a cobertura financeira de tratamento médico a que esteja legal ou contratualmente obrigada, enseja reparação a título de dano moral, por agravar a situação de aflição psicológica e de angústia no espírito do beneficiário"" .","AGRAVO INTERNO NOS EMBARGOS DE DECLARAÇÃO NO RECURSO ESPECIAL. PLANO DE SAÚDE. AÇÃO COMINATÓRIA C/C INDENIZAÇÃO POR DANOS MORAIS. INDEVIDA NEGATIVA DE COBERTURA A TRATAMENTO INDICADO POR MÉDICO ESPECIALISTA (HOME CARE) DANOS MORAIS CONFIGURADOS. ACÓRDÃO DIVERGENTE DA JURISPRUDÊNCIA DESTA CORTE. PRECEDENTES. AGRAVO INTERNO DESPROVIDO. 1. Nos termos da jurisprudência desta Corte, a recusa indevida/injustificada, pela operadora de plano de saúde, em autorizar a cobertura financeira de tratamento médico a que esteja legal ou contratualmente obrigada, enseja reparação a título de dano moral, por ag",espelho
2.0,"cobertura, recusa, tratamento, danos, medicamento, obrigação",material,AgInt no REsp 1.941.905,RAUL ARAUJO,QUARTA TURMA,2021-11-22,28,False,13,2022-08-15,2025-12-09,,,"AGRAVO INTERNO NO RECURSO ESPECIAL. AÇÃO DE OBRIGAÇÃO DE FAZER. PLANO DE SAÚDE. AUSÊNCIA DE VIOLAÇÃO AO ARTIGO 1.022 DO CPC/2015. NEGATIVA DE COBERTURA DE MEDICAMENTO. TRATAMENTO DE CÂNCER. ADENOCARCINOMA DE PULMÃO. RECUSA ABUSIVA. DANO MORAL CONFIGURADO. AGRAVO INTERNO DESPROVIDO. 1. Não se verifica a alegada violação ao art. 1.022 do CPC/2015, na medida em que a eg. Corte Estadual dirimiu, fundamentadamente, as questões que lhe foram submetidas. 2. É possível que o plano de saúde estabeleça as doenças que terão cobertura, mas não o tipo de tratamento utilizado, sendo abusiva a negativa de co",espelho
2.0,"cobertura, recusa, tratamento, danos, medicamento, obrigação",material,AgInt nos EDcl no REsp 1.909.215,MARCO BUZZI,QUARTA TURMA,2022-06-27,26,False,1,2022-08-15,2025-12-09,,,"AGRAVO INTERNO NOS EMBARGOS DE DECLARAÇÃO NO RECURSO ESPECIAL - AÇÃO DE OBRIGAÇÃO DE FAZER C/C PEDIDO INDENIZATÓRIO - DECISÃO MONOCRÁTICA QUE NEGOU PROVIMENTO AO RECLAMO. INSURGÊNCIA DA DEMANDADA. 1.Nos termos da jurisprudência deste Corte,a natureza taxativa ou exemplificativa do rol da ANS é desimportante à análise do dever de cobertura de medicamentos para o tratamento de câncer, em relação aos quais há apenas uma diretriz na resolução normativa. Precedentes. 2. A conclusão a que chegou o Tribunal de origem, relativa à existência de ofensa a direitos da personalidade em razão do ilícito em ",espelho
2.0,"cobertura, recusa, tratamento, danos, medicamento, obrigação",material,AgInt no REsp 1.911.407,PAULO DE TARSO SANSEVERINO,TERCEIRA TURMA,2021-05-18,23,False,0,2022-08-08,2026-06-22,,,,citacao
2.0,"cobertura, recusa, tratamento, danos, medicamento, obrigação",material,AgInt no AREsp 2.003.150,PAULO DE TARSO SANSEVERINO,TERCEIRA TURMA,2022-06-27,19,False,0,2022-08-15,2025-10-27,,"A jurisprudência desta Corte é no sentido de que ""a recusa indevida de cobertura de procedimento médico urgente impõe ao usuário de plano de saúde um grau de sofrimento físico/psíquico que extrapola aquele decorrente do mero inadimplemento contratual, atingido direito da personalidade, e dando ensejo a indenização por danos morais"" .","AGRAVO INTERNO NO AGRAVO EM RECURSO ESPECIAL. PLANO DE SAÚDE. DEMORA NA AUTORIZAÇÃO PARA O PROCEDIMENTO CIRÚRGICO DE URGÊNCIA. RISCO DE MORTE. DANO MORAL CONFIGURADO. VALOR INDENIZATÓRIO. REVISÃO DO ENTENDIMENTO DA CORTE ESTADUAL. SÚMULA 7 DO STJ. 1. Existência de entendimento pacífico desta Corte Superior no sentido de que a recusa indevida de cobertura de procedimento médico urgente impõe ao usuário de plano de saúde um grau de sofrimento físico/psíquico que extrapola aquele decorrente do mero inadimplemento contratual, atingido direito da personalidade, e dando ensejo a indenização por dano",espelho
2.0,"cobertura, recusa, tratamento, danos, medicamento, obrigação",processual,AgInt no AREsp 1.657.633,ANTONIO CARLOS FERREIRA,QUARTA TURMA,2020-08-10,17,False,1,2022-05-09,2025-10-27,,,PROCESSUAL CIVIL. AGRAVO INTERNO NO AGRAVO EM RECURSO ESPECIAL. DECISÃO DA PRESIDÊNCIA DO STJ. SÚMULA N. 182 DO STJ. RECONSIDERAÇÃO. ACÓRDÃO RECORRIDO. CONTRADIÇÃO. NÃO OCORRÊNCIA. AUSÊNCIA DE AFRONTA AO ART. 1.022 DO CPC/2015. INTERNAÇÃO MÉDICA. URGÊNCIA RECONHECIDA. REEXAME DO CONJUNTO FÁTICO-PROBATÓRIO DOS AUTOS. SÚMULA N. 7 DO STJ. PERÍODO DE CARÊNCIA. ATENDIMENTO DE EMERGÊNCIA. RECUSA INJUSTIFICADA. SÚMULA N. 597 DO STJ. DANO MORAL. CARACTERIZAÇÃO. SÚMULA N. 83 DO STJ. AGRAVO INTERNO PROVIDO. AGRAVO EM RECURSO ESPECIAL DESPROVIDO. 1. A contradição que dá ensejo a embargos de declaração é ,espelho
2.0,"cobertura, recusa, tratamento, danos, medicamento, obrigação",material,AgInt no AREsp 2.297.224,RAUL ARAUJO,QUARTA TURMA,2023-08-28,15,False,0,2023-12-11,2026-06-15,,,"AGRAVO INTERNO NO AGRAVO EM RECURSO ESPECIAL. OBRIGAÇÃO DE FAZER CUMULADA COM INDENIZAÇÃO. VIOLAÇÃO DOS ARTS. 355, I, 357, § 8º, 370, CAPUT, 408, PARÁGRAFO ÚNICO, E 464, TODOS DO CPC/2015. AUSÊNCIA DE PREQUESTIONAMENTO. SÚMULAS 282 E 356/STF. PLANO DE SAÚDE. NEGATIVA DE COBERTURA. PET-SCAN. PRESCRIÇÃO POR MÉDICO. DIAGNÓSTICO DE CÂNCER. RECUSA. ROL DE PROCEDIMENTOS DA ANS. DESIMPORTÂNCIA. DANOS MORAIS CONFIGURADOS. SÚMULA 83/STJ. AGRAVO INTERNO DESPROVIDO. 1. Não se admite o recurso especial quando a questão federal nele suscitada não foi enfrentada no acórdão recorrido. Incidência das Súmulas ",espelho
2.0,"cobertura, recusa, tratamento, danos, medicamento, obrigação",material,AgInt no AREsp 1.002.710,MARCO BUZZI,QUARTA TURMA,2020-05-04,14,False,0,2022-08-22,2026-06-22,,,"AGRAVO INTERNO NO AGRAVO EM RECURSO ESPECIAL - AÇÃO CIVIL PÚBLICA - DECISÃO MONOCRÁTICA QUE NEGOU PROVIMENTO AO RECLAMO. INSURGÊNCIA RECURSAL DA DEMANDADA. 1. A jurisprudência do STJ tem entendimento firmado no sentido de ser abusiva a cláusula contratual que exclui tratamento prescrito para garantir a saúde ou a vida do segurado, porque o plano de saúde pode estabelecer as doenças que terão cobertura, mas não o tipo de terapêutica indicada por profissional habilitado na busca da cura. Incidência da Súmula 83/STJ. 1.1. Fornecimento do medicamento Xeloda, para tratamento de câncer. Precedente e",espelho
2.0,"cobertura, recusa, tratamento, danos, medicamento, obrigação",material,AgInt no REsp 1.890.823,ANTONIO CARLOS FERREIRA,QUARTA TURMA,2022-04-25,14,False,0,2022-08-15,2025-12-09,,,"PROCESSUAL CIVIL. CONTRATOS. AGRAVO INTERNO NO RECURSO ESPECIAL. PLANO DE SAÚDE. NEGATIVA DE COBERTURA. ILEGALIDADE. MEDICAMENTO ANTINEOPLÁSICO ORAL. REEXAME DE CONTEÚDO FÁTICO-PROBATÓRIO. INADMISSIBILIDADE. SÚMULA N. 7/STJ. DECISÃO MANTIDA. 1. De acordo com a jurisprudência desta Corte, ""É lícita a exclusão, na Saúde Suplementar, do fornecimento de medicamentos para tratamento domiciliar, isto é, aqueles prescritos pelo médico assistente para administração em ambiente externo ao de unidade de saúde, salvo os antineoplásicos orais (e correlacionados), a medicação assistida (home care) e os inc",espelho
2.0,"cobertura, recusa, tratamento, danos, medicamento, obrigação",material,AgInt no AREsp 1.584.526,LUIS FELIPE SALOMAO,QUARTA TURMA,2020-03-10,14,False,0,2022-08-22,2026-06-22,,,"AGRAVO INTERNO NO AGRAVO EM RECURSO ESPECIAL. PLANO DE SAÚDE. FORNECIMENTO DE MEDICAMENTO. NEGATIVA DE COBERTURA SOB ALEGAÇÃO DE SE TRATAR DE MEDICAMENTO EXPERIMENTAL (OFF-LABEL). MEDICAMENTO REGISTRADO NA ANVISA (CAPECITABINA) E INDICADO PARA TRATAMENTO, DENTRE OUTRAS MOLÉSTIAS, DE CÂNCER DE RETO (DOENÇA QUE ACOMETE O PACIENTE). USO OFF-LABEL OU EXPERIMENTAL NÃO VERIFICADO NA ESPÉCIE. ABUSIVA A RECUSA DE CUSTEIO DE MEDICAMENTO REGISTRADO NA ANVISA E PRESCRITO PELO MÉDICO. AGRAVO INTERNO NÃO PROVIDO. 1. O Colegiado estadual julgou a lide de acordo com a convicção formada pelos elementos fático",espelho
2.0,"cobertura, recusa, tratamento, danos, medicamento, obrigação",material,AgInt no REsp 1.959.910,MARIA ISABEL GALLOTTI,QUARTA TURMA,2022-09-26,13,False,0,2023-03-06,2025-06-23,,,"AGRAVO INTERNO NO RECURSO ESPECIAL. PLANO DE SAÚDE. AUSÊNCIA DE PREQUESTIONAMENTO. SÚMULAS 282 E 356/STF. NEGATIVA DE FORNECIMENTO DE MEDICAMENTO. TRATAMENTO DE CÂNCER. RECUSA INDEVIDA. DANO MORAL CONFIGURADO. REEXAME DE PROVAS. SÚMULA 7/STJ. AGRAVO NÃO PROVIDO. 1. Não se admite o recurso especial quando a questão federal nele suscitada não foi enfrentada no acórdão recorrido. Incidem as Súmulas 282 e 356 do Supremo Tribunal Federal. 2. Nos termos da jurisprudência deste Tribunal Superior, as operadoras de plano de saúde devem fornecer medicamento para tratamento oncológico. Precedentes. 3.Não",espelho
2.0,"cobertura, recusa, tratamento, danos, medicamento, obrigação",material,AgInt no REsp 1.765.668,MARCO AURELIO BELLIZZE,TERCEIRA TURMA,2019-04-29,12,False,0,2022-05-02,2025-08-18,,"""Compete ao profissional habilitado indicar a opção adequada para o tratamento da doença que acomete seu paciente, não incumbindo à seguradora discutir o procedimento, mas custear as despesas de acordo com a melhor técnica"" .",AGRAVO INTERNO NO RECURSO ESPECIAL. PLANO DE SAÚDE. MODALIDADE DE AUTOGESTÃO. 1. INAPLICABILIDADE DO CDC. CIRCUNSTÂNCIA QUE NÃO AFASTA A FORMA VINCULANTE DO CONTRATO. BOA-FÉ OBJETIVA. DESCUMPRIMENTO. 2. RECUSA INDEVIDA DE FORNECIMENTO DE MEDICAMENTO PRESCRITO PELO MÉDICO ASSISTENTE. DANO MORAL CONFIGURADO. ALTERAÇÃO DO ACÓRDÃO RECORRIDO. IMPOSSIBILIDADE. INCIDÊNCIA DA SÚMULA 7/STJ. 3. MONTANTE INDENIZATÓRIO. PLEITO DE REDUÇÃO. NÃO DEMONSTRADO O CARÁTER ABUSIVO NO VALOR FIXADO NAS INSTÂNCIAS ORDINÁRIAS. SÚMULA 7/STJ. 4. AGRAVO IMPROVIDO. 1. O fato de não ser aplicável a legislação consumerista ,espelho
2.0,"cobertura, recusa, tratamento, danos, medicamento, obrigação",processual,REsp 1.639.314,NANCY ANDRIGHI,TERCEIRA TURMA,2017-04-04,11,False,0,2022-05-30,2026-06-01,,"Nos termos da jurisprudência pacífica desta Corte, ""a admissão de prequestionamento ficto , em recurso especial, exige que no mesmo recurso seja indicada violação ao art. 1.022 do CPC/15, para que se possibilite ao Órgão julgador verificar a existência do vício inquinado ao acórdão, que uma vez constatado, poderá dar ensejo à supressão de grau facultada pelo dispositivo de lei"" .","CIVIL. PROCESSUAL CIVIL. RECURSO ESPECIAL. INVENTÁRIO. - LIQUIDAÇÃO PARCIAL DE SOCIEDADE LIMITADA. PARTICIPAÇÃO NOS LUCROS PROPORCIONAIS ÀS COTAS INVENTARIADAS - HERDEIROS SÓCIOS EM CONDOMÍNIO - CABIMENTO - PRESCRIÇÃO DO DIREITO - NÃO OCORRÊNCIA. 01. Inviável o recurso especial na parte em que a insurgência recursal não estiver calcada em violação a dispositivo de lei, ou em dissídio jurisprudencial.. 02. Avaliar o alcance da quitação dada pelos recorridos e o que se apurou a título de patrimônio líquido da empresa, são matérias insuscetíveis de apreciação na via estreita do recurso especial, ",espelho
2.0,"cobertura, recusa, tratamento, danos, medicamento, obrigação",material,AgInt no REsp 2.099.007,MOURA RIBEIRO,TERCEIRA TURMA,2023-12-11,11,False,2,2024-02-26,2026-06-15,,,"CIVIL. PROCESSUAL CIVIL. AGRAVO INTERNO NO RECURSO ESPECIAL. RECURSO MANEJADO SOB A ÉGIDE DO NCPC. PLANO DE SAÚDE. NEGATIVA DE COBERTURA. PET-CT OU PET-SCAN. PRESCRITO POR MÉDICO. DIAGNÓSTICO DE CÂNCER. RECUSA. ROL DE PROCEDIMENTOS DA ANS. DESIMPORTÂNCIA. PRECEDENTES. NEGATIVA ILÍCITA. DECISÃO MANTIDA. AGRAVO INTERNO NÃO PROVIDO. 1. Aplica-se o NCPC a este recurso ante os termos do Enunciado Administrativo n.º 3, aprovado pelo Plenário do STJ na sessão de 9/3/2016: Aos recursos interpostos com fundamento no CPC/2015 (relativos a decisões publicadas a partir de 18 de março de 2016) serão exigid",espelho
2.0,"cobertura, recusa, tratamento, danos, medicamento, obrigação",material,AgInt no AgInt no AREsp 1.427.773,MARCO BUZZI,QUARTA TURMA,2019-11-18,10,False,0,2023-06-05,2026-03-02,,,"AGRAVO INTERNO NO AGRAVO INTERNO NO AGRAVO EM RECURSO ESPECIAL - AÇÃO CONDENATÓRIA - DECISÃO MONOCRÁTICA QUE NEGOU PROVIMENTO AO RECLAMO. INSURGÊNCIA DA PARTE REQUERIDA. 1. O STJ possui entendimento no sentido de que o plano de saúde pode estabelecer as doenças que terão cobertura, mas não o tipo de tratamento utilizado para a cura de cada uma, sendo abusiva a cláusula contratual que exclui tratamento domiciliar quando essencial para garantir a saúde ou a vida do segurado. 1.1. A Corte de origem consignou que o contrato entabulado entre as partes não exclui o tratamento na modalidade home care",espelho
3.0,"reajuste, coletivo, faixa, etária, faixa etária, sinistralidade",material,REsp 1.568.244,RICARDO VILLAS BOAS CUEVA,SEGUNDA SEÇÃO,2016-12-14,60,True,4,2022-02-21,2026-08-24,"Tema Repetitivo 952
Situação do tema: Trânsito em Julgado","""O reajuste de mensalidade de plano de saúde individual ou familiar fundado na mudança de faixa etária do beneficiário é válido desde que  haja previsão contratual,  sejam observadas as normas expedidas pelos órgãos governamentais reguladores e  não sejam aplicados percentuais desarrazoados ou aleatórios que, concretamente e sem base atuarial idônea, onerem excessivamente o consumidor ou discriminem o idoso"" .","RECURSO ESPECIAL REPETITIVO. NEGATIVA DE PRESTAÇÃO JURISDICIONAL. NÃO OCORRÊNCIA. CIVIL. PLANO DE SAÚDE. MODALIDADE INDIVIDUAL OU FAMILIAR. CLÁUSULA DE REAJUSTE DE MENSALIDADE POR MUDANÇA DE FAIXA ETÁRIA. LEGALIDADE. ÚLTIMO GRUPO DE RISCO. PERCENTUAL DE REAJUSTE. DEFINIÇÃO DE PARÂMETROS. ABUSIVIDADE. NÃO CARACTERIZAÇÃO. EQUILÍBRIO FINANCEIRO-ATUARIAL DO CONTRATO. 1. A variação das contraprestações pecuniárias dos planos privados de assistência à saúde em razão da idade do usuário deverá estar prevista no contrato, de forma clara, bem como todos os grupos etários e os percentuais de reajuste co",espelho
3.0,"reajuste, coletivo, faixa, etária, faixa etária, sinistralidade",material,REsp 1.816.482 + REsp 1.818.487 + REsp 1.829.862,ANTONIO CARLOS FERREIRA,SEGUNDA SEÇÃO,2020-12-09,28,True,2,2022-02-21,2026-05-11,"Tema Repetitivo 1034
Situação do tema: Trânsito em Julgado","A Segunda Seção do STJ, no julgamento do REsp 1.816.482/SP  pela sistemática dos recursos repetitivos, consolidou o entendimento de que:  ""o art. 31 da lei n. 9.656/1998 impõe que ativos e inativos sejam inseridos em plano de saúde coletivo único, contendo as mesmas condições de cobertura assistencial e de prestação de serviço, o que inclui, para todo o universo de beneficiários, a igualdade de modelo de pagamento e de valor de contribui","RECURSO ESPECIAL REPETITIVO. DIREITO CIVIL. EX-EMPREGADOS APOSENTADOS. PERMANÊNCIA NO PLANO DE SAÚDE COLETIVO. ART. 31 DA LEI N. 9.656/1988. DEFINIÇÃO ACERCA DAS CONDIÇÕES ASSISTENCIAIS E DE CUSTEIO. 1. Delimitação da controvérsia Definir quais condições assistenciais e de custeio do plano de saúde devem ser mantidas a beneficiários inativos, nos termos do art. 31 da Lei n. 9.656/1998. 2. Teses definidas para os fins do art. 1.036 do CPC/2015 a) ""Eventuais mudanças de operadora, de modelo de prestação de serviço, de forma de custeio e de valores de contribuição não implicam interrupção da cont",espelho
3.0,"reajuste, coletivo, faixa, etária, faixa etária, sinistralidade",material,REsp 1.873.377 + REsp 1.716.113 + REsp 1.715.798,PAULO DE TARSO SANSEVERINO,SEGUNDA SEÇÃO,2022-03-23,18,True,0,2022-08-08,2026-08-24,"Tema Repetitivo 1016
Situação do tema: Acórdão Publicado - RE Pendente",,"RECURSOS ESPECIAIS REPETITIVOS. DIREITO CIVIL E PROCESSUAL CIVIL. SAÚDE SUPLEMENTAR. PLANO DE SAÚDE COLETIVO. REAJUSTE POR FAIXA ETÁRIA. TEMA 1016/STJ. CONTROVÉRSIA ACERCA DA VALIDADE DO REAJUSTE E DO ÔNUS DA PROVA DA BASE ATUARIAL. APLICABILIDADE DO TEMA 952/STJ AOS PLANOS COLETIVOS. CÁLCULO DA VARIAÇÃO ACUMULADA NOS TERMOS DA RN ANS 63/2003. PROVA DA BASE ATUARIAL DO REAJUSTE. ÔNUS DA OPERADORA. DESAFETAÇÃO. 1. Delimitação da controvérsia: Controvérsia pertinente à validade da cláusula de reajuste por faixa etária e ao ônus da prova da base atuarial do reajuste, no contexto de pretensão de r",espelho
3.0,"reajuste, coletivo, faixa, etária, faixa etária, sinistralidade",material,AgRg nos EDcl no AREsp 235.553,,,,17,False,0,2022-02-21,2026-06-30,,,,citacao
3.0,"reajuste, coletivo, faixa, etária, faixa etária, sinistralidade",material,AgInt no AREsp 2.043.624,RAUL ARAUJO,QUARTA TURMA,2022-08-08,16,False,1,2023-03-06,2026-06-30,,A jurisprudência desta Corte é firme no sentido de que não é abusiva a a cláusula contratual que prevê a possibilidade do reajuste por sinistralidade  ou por implemento de idade .,"DIREITO CIVIL. AGRAVO INTERNO NO AGRAVO EM RECURSO ESPECIAL. DECISÃO DA PRESIDÊNCIA. RECONSIDERAÇÃO. INDENIZATÓRIA. PLANO DE SAÚDE COLETIVO. REAJUSTE POR AUMENTO DE SINISTRALIDADE. PRAZO PRESCRICIONAL ÂNUO. ACÓRDÃO QUE CONCLUIU PELA DEMONSTRAÇÃO DA ÍNDOLE ABUSIVA. PRETENSÃO DE ALTERAÇÃO. IMPOSSIBILIDADE. INTERPRETAÇÃO DE CLÁUSULAS CONTRATUAIS E REEXAME PROBATÓRIO. IMPOSSIBILIDADE. SÚMULAS 5 E 7 DO STJ. AGRAVO INTERNO PROVIDO. RECURSO ESPECIAL DESPROVIDO. 1. Decisão agravada reconsiderada, na medida em que o agravo em recurso especial impugnou devidamente os fundamentos da decisão que inadmitiu",espelho
3.0,"reajuste, coletivo, faixa, etária, faixa etária, sinistralidade",processual,AgInt no AREsp 1.658.454,MARCO AURELIO BELLIZZE,TERCEIRA TURMA,2020-08-31,15,False,0,2022-10-24,2026-08-24,,"A condenação ao pagamento da aludida multa, a ser analisada em cada caso concreto, em decisão fundamentada, pressupõe que o agravo interno mostre-se manifestamente inadmissível ou que sua improcedência seja de tal forma evidente que a simples interposição do recurso possa ser tida, de plano, como abusiva ou protelatória .",,citacao
3.0,"reajuste, coletivo, faixa, etária, faixa etária, sinistralidade",material,AgInt no AREsp 1.400.251,RAUL ARAUJO,QUARTA TURMA,2020-12-07,15,False,1,2022-03-28,2026-02-09,,"No entanto, a revisão do entendimento do Tribunal de origem, no caso concreto, sobre o abuso do reajuste por sinistralidade é inviável em sede de recurso especial, em razão das Súmulas n. 5 e 7 do STJ .","AGRAVO INTERNO NO AGRAVO EM RECURSO ESPECIAL. AÇÃO DE OBRIGAÇÃO DE FAZER. PLANO DE SAÚDE COLETIVO. REAJUSTE POR AUMENTO DE SINISTRALIDADE. ÍNDOLE ABUSIVA NÃO DEMONSTRADA NO CASO. REEXAME PROBATÓRIO. IMPOSSIBILIDADE. ÍNDICES ESTABELECIDOS PELA ANS. INAPLICABILIDADE AOS CONTRATOS COLETIVOS. CONSONÂNCIA DO ACÓRDÃO RECORRIDO COM A JURISPRUDÊNCIA DESTA CORTE. SÚMULA 83/STJ. AGRAVO INTERNO NÃO PROVIDO. 1. A jurisprudência desta Corte é no sentido de que não é abusiva a cláusula que prevê a possibilidade de reajuste do plano de saúde, seja por variação de custos ou por aumento de sinistralidade. Prec",espelho
3.0,"reajuste, coletivo, faixa, etária, faixa etária, sinistralidade",material,AgInt no AREsp 1.155.520,MARIA ISABEL GALLOTTI,QUARTA TURMA,2019-02-07,15,False,1,2022-05-30,2026-06-30,,,"AGRAVO INTERNO. AGRAVO EM RECURSO ESPECIAL. RAZÕES QUE NÃO ENFRENTAM O FUNDAMENTO DA DECISÃO AGRAVADA. PLANO DE SAÚDE COLETIVO. REAJUSTE ANUAL. SINISTRALIDADE. LIMITAÇÃO AOS ÍNDICES DA ANS. IMPOSSIBILIDADE. PRECEDENTES. 1. As razões do agravo interno não enfrentam adequadamente o fundamento da decisão agravada. 2. É ""possível o reajuste de contratos de saúde coletivos sempre que a mensalidade do seguro ficar cara ou se tornar inviável para os padrões da empresa contratante, seja por variação de custos ou por aumento de sinistralidade"" (AgRg nos EDcl no AREsp 235.553/SP, Rel. Ministro RICARDO V",espelho
3.0,"reajuste, coletivo, faixa, etária, faixa etária, sinistralidade",processual,AgInt no REsp 2.152.327,MOURA RIBEIRO,TERCEIRA TURMA,2025-02-24,14,False,0,2025-06-23,2026-06-30,,,"PROCESSUAL CIVIL. AGRAVO INTERNO NO AGRAVO EM RECURSO ESPECIAL. EXECUÇÃO DE TÍTULO EXTRAJUDICIAL. CONTRATO DE PRESTAÇÃO DE SERVIÇOS ADVOCATÍCIOS. DECISÃO UNIPESSOAL. FUNDAMENTAÇÃO SUFICIENTE. VIOLAÇÃO DO ART. 1.022 DO CPC. CONTRADIÇÃO. AUSÊNCIA. REVOGAÇÃO DO CONTRATO. CLÁUSULA DE ÊXITO. HONORÁRIOS PROPORCIONAIS. AÇÃO DE ARBITRAMENTO. PERDA DE LIQUIDEZ. DECISÃO MANTIDA. AGRAVO INTERNO NÃO PROVIDO. 1. Não há que se falar em motivação deficiente, não se podendo confundir vício de fundamentação com fundamentação sucinta. 2. A contradição ou obscuridade remediáveis por embargos de declaração são aq",espelho
3.0,"reajuste, coletivo, faixa, etária, faixa etária, sinistralidade",material,REsp 2.166.999,NANCY ANDRIGHI,TERCEIRA TURMA,2025-03-20,13,False,0,2026-03-09,2026-06-30,,,"RECURSO ESPECIAL. AÇÃO DE EXIBIÇÃO DE DOCUMENTOS. PRODUÇÃO ANTECIPADA DE PROVAS. SENTENÇA ARBITRAL. FUNDO DE INVESTIMENTOS. INCORPORADORA. ILEGITIMIDADE ATIVA DA ASSOCIAÇÃO. 1. Ação de exibição de documentos ajuizada em 17/3/2023, da qual foi extraído o presente recurso especial, interposto em 28/6/2024 e concluso ao gabinete em 30/8/2024. 2. O propósito recursal consiste em decidir se há legitimidade ativa de associação para pleitear a exibição de sentença arbitral, quando a condenação de terceiros puder lhe causar eventuais prejuízos. 3. Não há ofensa aos arts. 489 e 1022 do CPC quando o Tri",espelho
3.0,"reajuste, coletivo, faixa, etária, faixa etária, sinistralidade",material,AgInt no REsp 1.989.063,MARCO AURELIO BELLIZZE,TERCEIRA TURMA,2022-08-08,13,False,0,2022-12-05,2026-06-30,,,"AGRAVO INTERNO NO RECURSO ESPECIAL. PLANO DE SAÚDE COLETIVO. REAJUSTE ANUAL. SINISTRALIDADE. POSSIBILIDADE. TEMA 1.016/STJ. LIMITAÇÃO AOS ÍNDICES DA ANS. IMPOSSIBILIDADE. PRECEDENTES. PREMISSA EQUIVOCADA UTILIZADA PELO TRIBUNAL DE JUSTIÇA. NECESSIDADE DE NOVO JULGAMENTO. AGRAVO INTERNO DESPROVIDO. 1. A jurisprudência do Superior Tribunal de Justiça entende que é ""possível o reajuste de contratos de saúde coletivos sempre que a mensalidade do seguro ficar cara ou se tornar inviável para os padrões da empresa contratante, seja por variação de custos ou por aumento de sinistralidade"" (AgRg nos ED",espelho
3.0,"reajuste, coletivo, faixa, etária, faixa etária, sinistralidade",material,EDcl no AgInt no REsp 1.925.562,MARCO BUZZI,QUARTA TURMA,2022-02-14,13,False,0,2026-03-09,2026-06-30,,,"AGRAVO INTERNO NO RECURSO ESPECIAL - AÇÃO DE ABSTENÇÃO DE USO DE MARCA - DECISÃO MONOCRÁTICA QUE DEU PROVIMENTO RECLAMO DA PARTE ADVERSA. INSURGÊNCIA DA PARTE RÉ. 1. A jurisprudência do STJ entende que é devida reparação por danos patrimoniais (a serem apurados em liquidação de sentença) e compensação por danos extrapatrimoniais na hipótese de se constatar a violação de marca, independentemente de comprovação concreta do prejuízo material e do abalo moral resultante do uso indevido. (REsp 1804035/DF, Rel. Ministra NANCY ANDRIGHI, TERCEIRA TURMA, julgado em 25/06/2019, DJe 28/06/2019). 1.1 No c",espelho
3.0,"reajuste, coletivo, faixa, etária, faixa etária, sinistralidade",material,REsp 1.360.969 + REsp 1.361.182,MARCO BUZZI,SEGUNDA SEÇÃO,2016-08-10,13,True,0,2022-03-21,2026-08-24,"Tema Repetitivo 610
Situação do tema: Trânsito em Julgado","""A Segunda Seção do STJ, no julgamento do REsp 1.360.969/RS, sob o rito dos recursos repetitivos , consolidou o entendimento de que a pretensão condenatória decorrente da nulidade de cláusula de reajuste em contratos de plano de saúde prescreve em três anos, conforme o art. 206, § 3º, IV, do Código Civil"" .","1. RECURSO ESPECIAL REPRESENTATIVO DE CONTROVÉRSIA. CIVIL. CONTRATO DE PLANO OU SEGURO DE ASSISTÊNCIA À SAÚDE. PRETENSÃO DE NULIDADE DE CLÁUSULA DE REAJUSTE. ALEGADO CARÁTER ABUSIVO. CUMULAÇÃO COM PRETENSÃO DE RESTITUIÇÃO DOS VALORES PAGOS INDEVIDAMENTE. EFEITO FINANCEIRO DO PROVIMENTO JUDICIAL. AÇÃO AJUIZADA AINDA NA VIGÊNCIA DO CONTRATO. NATUREZA CONTINUATIVA DA RELAÇÃO JURÍDICA. DECADÊNCIA. AFASTAMENTO. PRAZO PRESCRICIONAL TRIENAL. ART. 206, § 3º, IV, DO CÓDIGO CIVIL DE 2002. PRETENSÃO FUNDADA NO ENRIQUECIMENTO SEM CAUSA. 2. CASO CONCRETO: ENTENDIMENTO DO TRIBUNAL A QUO CONVERGE COM A TESE ",espelho
3.0,"reajuste, coletivo, faixa, etária, faixa etária, sinistralidade",material,EREsp 1.692.594,MARCO AURELIO BELLIZZE,SEGUNDA SEÇÃO,2020-02-12,12,True,0,2022-06-07,2026-03-16,,"Não se pode transmudar o contrato coletivo empresarial com poucos beneficiários para plano familiar a fim de se aplicar a vedação do art. 13, parágrafo único, II, da Lei n. 9.656/1998, porém, a rescisão deve ser devidamente motivada, incidindo a legislação consumerista"" .","EMBARGOS DE DIVERGÊNCIA EM RECURSO ESPECIAL. PLANO DE SAÚDE COLETIVO EMPRESARIAL. CATEGORIA. MENOS DE 30 (TRINTA) BENEFICIÁRIOS. RESCISÃO UNILATERAL. PLANO INDIVIDUAL E COLETIVO. CARACTERÍSTICAS HÍBRIDAS. APLICAÇÃO DO CDC. VULNERABILIDADE CONFIGURADA. MOTIVAÇÃO IDÔNEA. NECESSIDADE. EMBARGOS DE DIVERGÊNCIA PROVIDOS. 1. As avenças coletivas com número pequeno de usuários possuem natureza híbrida, pois ostentam valores similares aos planos individuais, já que há reduzida diluição do risco, além de possuírem a exigência do cumprimento de carências e, em contrapartida, estão sujeitos à rescisão uni",espelho
3.0,"reajuste, coletivo, faixa, etária, faixa etária, sinistralidade",material,AgInt no REsp 1.503.880,,PRIMEIRA TURMA,2018-03-08,12,False,0,2023-03-06,2026-03-16,,,,citacao
3.0,"reajuste, coletivo, faixa, etária, faixa etária, sinistralidade",material,AgInt no REsp 1.870.418,RICARDO VILLAS BOAS CUEVA,TERCEIRA TURMA,2021-05-18,12,False,0,2022-03-14,2026-06-30,,"Esta Corte entende que, "" reconhecida a abusividade da cláusula contratual de reajuste, é necessária a apuração do percentual adequado na fase de cumprimento de sentença, a fim de restabelecer o equilíbrio contratual, por meio de cálculos atuariais"" .",,citacao
3.0,"reajuste, coletivo, faixa, etária, faixa etária, sinistralidade",material,AgInt no AREsp 1.611.756,RAUL ARAUJO,QUARTA TURMA,2022-08-29,12,False,0,2023-03-06,2026-03-30,,,AGRAVO INTERNO NO AGRAVO EM RECURSO ESPECIAL. DECISÃO DA PRESIDÊNCIA. RECONSIDERAÇÃO. PROCESSUAL CIVIL. AGRAVO DE INSTRUMENTO. VIOLAÇÃO DE NORMA CONSTITUCIONAL. IMPOSSIBILIDADE. COMPETÊNCIA DO SUPREMO TRIBUNAL FEDERAL. VIOLAÇÃO DOS ARTS. 489 E 1.022 DO CPC/2015. ALEGAÇÃO GENÉRICA. INCIDÊNCIA DA SÚMULA 284 DO STF. PREFERÊNCIA DOS CRÉDITOS TRABALHISTAS SOBRE O CRÉDITO HIPOTECÁRIO. INOVAÇÃO RECURSAL. ADJUDICAÇÃO DO IMÓVEL. LESÃO GRAVE E DE DIFÍCIL REPARAÇÃO. PRECLUSÃO. SÚMULA 7 DO STJ. DIVERGÊNCIA JURISPRUDENCIAL. SÚMULA 7 DO STJ. AGRAVO INTERNO PROVIDO PARA CONHECER DO AGRAVO EM RECURSO ESPECIAL,espelho
3.0,"reajuste, coletivo, faixa, etária, faixa etária, sinistralidade",material,AgInt no REsp 2.008.784,RAUL ARAUJO,QUARTA TURMA,2023-03-06,11,False,0,2023-09-04,2026-06-30,,,"AGRAVO INTERNO NO RECURSO ESPECIAL. PLANO DE SAÚDE COM MENOS DE 30 BENEFICIÁRIOS. REAJUSTE POR SINISTRALIDADE. POSSIBILIDADE. LIMITAÇÃO AOS ÍNDICES DA ANS. IMPOSSIBILIDADE. AGRUPAMENTO DE CONTRATOS. RESOLUÇÃO NORMATIVA N. 309/2012 DA ANS. MODALIDADE ESPECÍFICA DE REAJUSTE. NECESSIDADE DE PERÍCIA ATUARIAL. AGRAVO DESPROVIDO. 1. A jurisprudência do Superior Tribunal de Justiça é no sentido de ser ""possível o reajuste de contratos de saúde coletivos sempre que a mensalidade do seguro ficar cara ou se tornar inviável para os padrões da empresa contratante, seja por variação de custos ou por aument",espelho
3.0,"reajuste, coletivo, faixa, etária, faixa etária, sinistralidade",material,AgInt no AREsp 1.894.750,MARIA ISABEL GALLOTTI,QUARTA TURMA,2021-11-29,11,False,0,2022-03-14,2025-08-25,,,"AGRAVO INTERNO. AGRAVO EM RECURSO ESPECIAL. DECISÃO SINGULAR. POSSIBILIDADE. PRINCÍPIO DA COLEGIALIDADE NÃO VIOLADO. ALEGAÇÃO DE OMISSÃO NO ACÓRDÃO ESTADUAL. AFRONTA AO ARTIGO 1.022, I E II, DO CPC/15. AUSÊNCIA. PLANO DE SAÚDE COLETIVO. REAJUSTE ANUAL. SINISTRALIDADE. LIMITAÇÃO AOS ÍNDICES DA ANS. IMPOSSIBILIDADE. PRECEDENTES. APURAÇÃO EM SEDE DE LIQUIDAÇÃO DE SENTENÇA. 1. O relator está autorizado a decidir singularmente recurso (artigo 932, do Código de Processo Civil de 2015, antigo 557). Ademais, eventual nulidade da decisão singular fica superada com a apreciação do tema pelo órgão colegi",espelho
3.0,"reajuste, coletivo, faixa, etária, faixa etária, sinistralidade",processual,AgInt no AREsp 1.898.375,RICARDO VILLAS BOAS CUEVA,TERCEIRA TURMA,2022-06-27,11,False,0,2023-03-06,2026-03-16,,,"AGRAVO INTERNO NO AGRAVO EM RECURSO ESPECIAL. AÇÃO ANULATÓRIA. SISTEMA FINANCEIRO DA HABITAÇÃO. EXECUÇÃO EXTRAJUDICIAL. IRREGULARIDADES. INEXISTÊNCIA. CONJUNTO FÁTICO-PROBATÓRIO. REEXAME. SÚMULAS NºS 5 E 7/STJ. DISSÍDIO JURISPRUDENCIAL. NÃO DEMONSTRADO. 1. Recurso especial interposto contra acórdão publicado na vigência do Código de Processo Civil de 2015 (Enunciados Administrativos nºs 2 e 3/STJ). 2. Na espécie, rever o entendimento do tribunal de origem, que concluiu pela inexistência de irregularidades no procedimento de execução extrajudicial adotado, demandaria o exame do acervo fático-pr",espelho
3.0,"reajuste, coletivo, faixa, etária, faixa etária, sinistralidade",processual,AgInt no AREsp 1.724.656,MARCO AURELIO BELLIZZE,TERCEIRA TURMA,2022-08-22,10,False,0,2023-03-06,2026-03-16,,,AGRAVO INTERNO NO AGRAVO EM RECURSO ESPECIAL. 1. CONDOMÍNIO. DESPESAS CONDOMINAIS. EXONERAÇÃO DO PAGAMENTO. CLÁUSULA ABUSIVA. DECLARAÇÃO. JULGAMENTO ULTRA PETITA. INEXISTÊNCIA. INTERPRETAÇÃO LÓGICO-SISTEMÁTICA DOS ARGUMENTOS. REVISÃO DA MATÉRIA. IMPOSSIBILIDADE. INCIDÊNCIA DAS SÚMULAS 5 E 7/STJ. REVALORAÇÃO DA PROVA. AFASTAMENTO. VIOLAÇÃO DOS ARTS. 489 E 1.022 DO CPC/2015 NÃO CONFIGURADA. 2. DIVERGÊNCIA JURISPRUDENCIAL PREJUDICADA. PRECEDENTE. 3. RAZÕES RECURSAIS INSUFICIENTES. 4. AGRAVO IMPROVIDO. 1. Modificar o entendimento do Tribunal local (acerca do afastamento da isenção de taxas condomi,espelho
3.0,"reajuste, coletivo, faixa, etária, faixa etária, sinistralidade",material,AgInt no AREsp 1.866.385,,SEGUNDA TURMA,2022-05-18,10,False,0,2023-03-06,2026-03-16,,,,citacao
4.0,"cobertura, medicamento, tratamento, danos, morais, danos morais",processual,AgInt no REsp 1.900.682,MARIA ISABEL GALLOTTI,QUARTA TURMA,2021-03-29,55,False,0,2024-09-23,2026-08-24,,Do dissídio jurisprudencial não se pode conhecer quando subsistem óbices sumulares quanto à interposição pela alínea a do permissivo constitucional sobre a mesma questão jurídica .,"AGRAVO INTERNO. RECURSO ESPECIAL. AÇÃO DE RESCISÃO. CONTRATO DE COMPRA E VENDA. LOTE DE TERRENO. TAXA DE FRUIÇÃO. CABIMENTO. REEXAME DE MATÉRIA FÁTICA E CONTRATUAL. SÚMULAS 5, 7 E 83/STJ. DIVERGÊNCIA JURISPRUDENCIAL PREJUDICADA. 1. Não cabe, em recurso especial, reexaminar matéria fático-probatória e contratual (Súmulas 5 e 7/STJ). 2. A incidência de óbices sumulares processuais inviabiliza o recurso especial também pela alínea ""c"" do inciso III do art. 105 da Constituição Federal, ficando, portanto, prejudicado o exame da divergência jurisprudencial. 3. O Tribunal de origem julgou nos moldes ",espelho
4.0,"cobertura, medicamento, tratamento, danos, morais, danos morais",material,AgInt no REsp 2.004.990,MARIA ISABEL GALLOTTI,QUARTA TURMA,2023-03-13,33,False,0,2023-05-22,2026-06-22,,,"AGRAVO INTERNO EM RECURSO ESPECIAL. PLANO DE SAÚDE. MEDICAMENTO PARA TRATAMENTO DE NEOPLASIA MALIGNA DE RETO ALTO. ABUSIVIDADE DA NEGATIVA. AGRAVO NÃO PROVIDO. 1. Nos termos da jurisprudência desta Corte, a natureza taxativa ou exemplificativa do rol da ANS é irrelevante à análise do dever de cobertura de medicamentos para o tratamento de câncer, em relação aos quais há apenas uma diretriz na resolução normativa. Precedentes. 2. Agravo interno a que se nega provimento.",espelho
4.0,"cobertura, medicamento, tratamento, danos, morais, danos morais",material,AgInt no REsp 2.036.691,MOURA RIBEIRO,TERCEIRA TURMA,2023-03-27,31,False,0,2023-05-22,2026-06-22,,"""Nos termos da jurisprudência deste Corte, a natureza taxativa ou exemplificativa do rol da ANS é desimportante à análise do dever de cobertura de medicamentos para o tratamento de câncer, em relação aos quais há apenas uma diretriz na resolução normativa"" .",CIVIL. PROCESSUAL CIVIL. AGRAVO INTERNO NO RECURSO ESPECIAL. RECURSO MANEJADO SOB A ÉGIDE DO NCPC. AÇÃO DE REPARAÇÃO POR DANOS MATERIAIS. CONTRATO DE PLANO DE SAÚDE. CERCEAMENTO DE DEFESA. INOCORRÊNCIA. TRATAMENTO DE CÂNCER. FORNECIMENTO DE MEDICAMENTO PRESCRITO POR MÉDICO ASSISTENTE. ROL DE PROCEDIMENTOS DA ANS. DESIMPORTÂNCIA. USO OFF-LABEL. POSSIBILIDADE. PRECEDENTES. COPARTICIPAÇÃO. PREQUESTIONAMENTO DA MATÉRIA PELO TRIBUNAL. AUSÊNCIA. INCIDÊNCIA DA SÚMULA N.º 211 DESTA CORTE. DECISÃO MANTIDA. AGRAVO INTERNO NÃO PROVIDO. 1. Aplica-se o NCPC a este recurso ante os termos do Enunciado Admini,espelho
4.0,"cobertura, medicamento, tratamento, danos, morais, danos morais",material,AgInt no AREsp 1.969.497,MARCO AURELIO BELLIZZE,TERCEIRA TURMA,2023-04-03,24,False,0,2023-05-22,2026-06-22,,"De acordo com a jurisprudência desta Corte, ""as operadoras de plano de saúde possuem o dever de cobertura de fármacos antineoplásicos orais, utilizados em tratamento contra o câncer"" , o que foi observado na origem.","AGRAVO INTERNO NO AGRAVO EM RECURSO ESPECIAL. OPERADORA DE PLANO DE SAÚDE. NEGATIVA DE COBERTURA. MEDICAMENTO ANTINEOPLÁSICO. TRATAMENTO DE CÂNCER. RECUSA INDEVIDA. PRECEDENTES. REDUÇÃO DO QUANTUM INDENIZATÓRIO. IMPOSSIBILIDADE. CRITÉRIOS DE RAZOABILIDADE E PROPORCIONALIDADE ATENDIDOS. SÚMULA 7/STJ. AGRAVO INTERNO DESPROVIDO. 1. A jurisprudência desta Corte Superior firmou-se no sentido de que as operadoras de plano de saúde possuem o dever de cobertura de fármacos antineoplásicos orais, utilizados em tratamento contra o câncer. 2. Modificar o entendimento do Tribunal local, acerca da configur",espelho
4.0,"cobertura, medicamento, tratamento, danos, morais, danos morais",material,AgInt no AREsp 1.185.578,RAUL ARAUJO,QUARTA TURMA,2022-10-03,22,False,1,2022-11-14,2025-09-01,,"Segundo a jurisprudência do STJ, ""o descumprimento contratual por parte da operadora de saúde, que culmina em negativa de cobertura para procedimento de saúde, somente enseja reparação a título de danos morais quando houver agravamento da condição de dor, abalo psicológico ou prejuízos à saúde já debilitada do paciente"" .","AGRAVO INTERNO NO AGRAVO EM RECURSO ESPECIAL. PLANO DE SAÚDE. PRESTAÇÃO DE SERVIÇO HOME CARE. TRATAMENTO PRESCRITO POR PROFISSIONAL HABILITADO. RECUSA INDEVIDA. MERO INADIMPLEMENTO CONTRATUAL. DANO MORAL NÃO CONFIGURADO. AGRAVO INTERNO PROVIDO. RECURSO ESPECIAL DESPROVIDO. 1. De acordo com a jurisprudência desta Corte Superior, o descumprimento contratual por parte da operadora de saúde, que culmina em negativa de cobertura para procedimento de saúde, somente enseja reparação a título de danos morais quando houver agravamento da condição de dor, abalo psicológico ou prejuízos à saúde já debili",espelho
4.0,"cobertura, medicamento, tratamento, danos, morais, danos morais",material,AgInt no AREsp 2.166.381,MARCO BUZZI,QUARTA TURMA,2023-04-17,18,False,1,2023-06-19,2025-10-27,,"De acordo com a jurisprudência desta Corte, ""é abusiva a recusa do plano de saúde quanto à cobertura de medicamento prescrito pelo médico, ainda que em caráter experimental ou fora das hipóteses previstas na bula , porquanto não compete à operadora a definição do diagnóstico ou do tratamento para a moléstia coberta pelo plano contratado"" , o que foi observado na origem.","AGRAVO INTERNO NO AGRAVO EM RECURSO ESPECIAL - AÇÃO DE OBRIGAÇÃO DE FAZER - DECISÃO MONOCRÁTICA QUE NEGOU PROVIMENTO AO RECLAMO. INSURGÊNCIA RECURSAL DA PARTE REQUERIDA. 1. No âmbito do REsp 1733013/PR, a Quarta Turma do STJ fixou o entendimento de que o rol de procedimentos editado pela ANS não possuiria natureza meramente exemplificativa. 1.1. Em tal precedente, contudo, fez-se expressa ressalva de que a natureza taxativa ou exemplificativa do aludido rol seria desimportante à análise do dever de cobertura de medicamentos para o tratamento de câncer. 1.2. É abusiva a recusa do plano de saúde",espelho
4.0,"cobertura, medicamento, tratamento, danos, morais, danos morais",processual,AgInt no REsp 2.035.493,NANCY ANDRIGHI,TERCEIRA TURMA,2023-03-06,18,False,0,2023-04-17,2026-05-11,,,"PROCESSUAL CIVIL. AGRAVO INTERNO NO RECURSO ESPECIAL. AÇÃO DE OBRIGAÇÃO DE FAZER. EMBARGOS DE DECLARAÇÃO. OMISSÃO, CONTRADIÇÃO OU OBSCURIDADE. NÃO OCORRÊNCIA. JULGAMENTO ANTECIPADO DA LIDE. CERCEAMENTO DE DEFESA. INEXISTÊNCIA. FUNDAMENTO DO ACÓRDÃO NÃO IMPUGNADO. SÚMULA 283/STF. PLANO DE SAÚDE. FORNECIMENTO DE MEDICAMENTO. MEDICAMENTO REGISTRADO NA ANVISA. TRATAMENTO DE CÂNCER. RECUSA DE COBERTURA INDEVIDA. 1. Ação de obrigação de fazer, visando o fornecimento de medicamento para tratamento de câncer. 2. Ausentes os vícios do art. 1022 do CPC, rejeitam-se os embargos de declaração. 3. A existê",espelho
4.0,"cobertura, medicamento, tratamento, danos, morais, danos morais",material,AgInt no REsp 2.001.658,MOURA RIBEIRO,TERCEIRA TURMA,2022-09-26,16,False,0,2023-02-13,2024-11-04,,,"CIVIL. PROCESSUAL CIVIL. AGRAVO INTERNO NO RECURSO ESPECIAL. RECURSO MANEJADO SOB A ÉGIDE DO NCPC. AÇÃO DE OBRIGAÇÃO DE FAZER. PLANO DE SAÚDE. PEDIDO DE TRATAMENTO. RECUSA INDEVIDA DE COBERTURA. ACÓRDÃO RECORRIDO EM CONFORMIDADE COM ENTENDIMENTO DO STJ. DANOS EXTRAPATRIMONIAIS CARACTERIZADOS. REEXAME DE PROVAS. DESCABIMENTO. SÚMULA N.º 7 DO STJ. DECISÃO MANTIDA. AGRAVO INTERNO NÃO PROVIDO. 1. Aplica-se o NCPC a este recurso ante os termos do Enunciado Administrativo n.º 3, aprovado pelo Plenário do STJ na sessão de 9/3/2016: Aos recursos interpostos com fundamento no CPC/2015 (relativos a deci",espelho
4.0,"cobertura, medicamento, tratamento, danos, morais, danos morais",material,AgInt no REsp 1.998.637,RAUL ARAUJO,QUARTA TURMA,2022-08-29,13,False,0,2023-02-13,2026-05-11,,,"AGRAVO INTERNO NO RECURSO ESPECIAL. PLANO DE SAÚDE. RECUSA DE COBERTURA DE MEDICAMENTO. PACIENTE EM TRATAMENTO DE CÂNCER. MEDICAMENTO OFF LABEL. RECUSA ABUSIVA. PRECEDENTES DO STJ. INCIDÊNCIA DA SÚMULA 83/STJ. AGRAVO DESPROVIDO. 1. Por ocasião do julgamento do REsp 1.733.013/PR, ""fez-se expressa ressalva de que a natureza taxativa ou exemplificativa do aludido rol seria desimportante à análise do dever de cobertura de medicamentos para o tratamento de câncer, em relação aos quais há apenas uma diretriz na resolução da ANS"" (AgInt no REsp 1.949.270/SP, Rel. Ministro MARCO BUZZI, QUARTA TURMA, j",espelho
4.0,"cobertura, medicamento, tratamento, danos, morais, danos morais",material,REsp 1.870.834,RICARDO VILLAS BOAS CUEVA,SEGUNDA SEÇÃO,2023-09-13,12,True,4,2023-09-13,2026-06-22,"Tema Repetitivo 1069
Situação do tema: Acórdão Publicado","O Superior Tribunal de Justiça, no julgamento do REsp nº 1.870.834/SP, julgado sob a sistemática dos recursos repetitivos - Tema nº 1.069 - assentou que "" é de cobertura obrigatória pelos planos de saúde a cirurgia plástica de caráter reparador ou funcional indicada pelo médico assistente, em paciente pós-cirurgia bariátrica, visto ser parte decorrente do tratamento da obesidade mórbida"", afastando-se, por conseguinte, as intervenções cirúrgicas com caráter eminentemente estético.",RECURSO ESPECIAL REPETITIVO. CIVIL. PLANO DE SAÚDE. PACIENTE PÓS-CIRURGIA BARIÁTRICA. DOBRAS DE PELE. CIRURGIAS PLÁSTICAS. NECESSIDADE. PROCEDIMENTO. NATUREZA E FINALIDADE. CARÁTER FUNCIONAL E REPARADOR. COBERTURA. RESTABELECIMENTO INTEGRAL DA SAÚDE. DANOS MORAIS. CONFIGURAÇÃO. VALOR INDENIZATÓRIO. MANUTENÇÃO. RAZOABILIDADE. SÚMULA Nº 7/STJ. 1. Tratam os autos da definição acerca da obrigatoriedade de custeio pelo plano de saúde de cirurgias plásticas em paciente pós-cirurgia bariátrica. 2. Teses para os fins do art. 1.040 do CPC/2015: (i) é de cobertura obrigatória pelos planos de saúde a cir,espelho
4.0,"cobertura, medicamento, tratamento, danos, morais, danos morais",material,AgInt no AREsp 1.457.765,MARCO AURELIO BELLIZZE,TERCEIRA TURMA,2019-08-19,11,False,0,2023-04-03,2024-11-04,,"Não configura cerceamento de defesa o julgamento da causa sem a produção da prova solicitada pela parte, quando devidamente demonstrada a instrução do feito e a presença de dados suficientes à formação do convencimento"" .",,citacao
4.0,"cobertura, medicamento, tratamento, danos, morais, danos morais",material,AgInt no REsp 1.904.488,PAULO DE TARSO SANSEVERINO,TERCEIRA TURMA,2022-06-27,10,False,0,2024-04-15,2025-09-01,,"A alegação de dano moral exige prova de agravamento da saúde ou de situação de risco, não caracterizada quando a negativa decorre da interpretação contratual lícita e sem consequência danosa grave, atraindo a aplicação da Súmula 7 do STJ .",AGRAVO INTERNO NO RECURSO ESPECIAL. PLANO DE SAÚDE. PACIENTE ACOMETIDO DE ESTENOSE AÓRTICA. IMPLANTE TRANSCATETER DE VÁLVULA AÓRTICA (TAVI). PROCEDIMENTO ELETIVO. NEGATIVA DE COBERTURA BASEADA NA AUSÊNCIA DE PREVISÃO CONTRATUAL. DANO MORAL NÃO CONFIGURADO. MERA INTERPRETAÇÃO DE CLÁUSULA CONTRATUAL. AUSÊNCIA DE GRAVE RISCO À SAÚDE OU À VIDA. ENTENDIMENTO CONSENTÂNEO COM A JURISPRUDÊNCIA DO STJ. REVISÃO DO JULGADO. NECESSIDADE DE REEXAME DE FATOS E PROVAS. ÓBICE DA SÚMULA 7/STJ. 1. Controvérsia pertinente à ocorrência de dano moral em virtude da recusa de cobertura de implante de válvula aórtica,espelho
5.0,"cobertura, rol, ans, recusa, danos, morais",material,REsp 1.846.108,NANCY ANDRIGHI,TERCEIRA TURMA,2021-02-02,56,False,21,2022-02-14,2024-05-27,,,"RECURSO ESPECIAL. AÇÃO DE OBRIGAÇÃO DE FAZER E DE PAGAR. CONTRATO DE PLANO DE SAÚDE. AMPLITUDE DE COBERTURA. ROL DE PROCEDIMENTOS E EVENTOS EM SAÚDE DA ANS. NATUREZA EXEMPLIFICATIVA. LIMITAÇÃO DO NÚMERO DE SESSÕES DE TERAPIA OCUPACIONAL. ABUSIVIDADE. JULGAMENTO: CPC/15. 1. Ação de obrigação de fazer e de pagar ajuizada em 16/05/2017, da qual foi extraído o presente recurso especial, interposto em 27/09/2018 e atribuído ao gabinete em 18/09/2019. 2. O propósito recursal é dizer sobre a obrigação de a operadora de plano de saúde custear integralmente o tratamento de terapia ocupacional, sem limi",espelho
5.0,"cobertura, rol, ans, recusa, danos, morais",material,AgInt no AREsp 1.683.820,,,,23,False,0,2022-02-14,2022-06-06,,,,citacao
5.0,"cobertura, rol, ans, recusa, danos, morais",material,AgInt no REsp 1.882.735,,,,22,False,0,2022-02-14,2022-06-06,,,,citacao
5.0,"cobertura, rol, ans, recusa, danos, morais",material,AgInt no REsp 1.890.825,,,,20,False,0,2022-02-14,2022-06-06,,,,citacao
5.0,"cobertura, rol, ans, recusa, danos, morais",material,AgInt nos EDcl no AREsp 1.629.946,RAUL ARAUJO,QUARTA TURMA,2020-09-14,19,False,0,2022-02-14,2022-06-06,,,"AGRAVO INTERNO NOS EMBARGOS DE DECLARAÇÃO NO AGRAVO EM RECURSO ESPECIAL. DIALETICIDADE RECURSAL. OBSERVÂNCIA. PLANO DE SAÚDE. PACIENTE PORTADOR DE OCLUSÃO DE VEIA CENTRAL DA RETINA COM GRAVE HEMORRAGIA. NEGATIVA DE TRATAMENTO. RECUSA ABUSIVA. DANOS MORAIS. CARACTERIZAÇÃO. AGRAVO CONHECIDO PARA NEGAR PROVIMENTO AO RECURSO ESPECIAL. 1. Deve ser afastada a inobservância à dialeticidade recursal quando a parte impugna especificamente os fundamentos da decisão recorrida. 2. Consoante a jurisprudência desta Corte, o plano de saúde pode estabelecer as doenças que terão cobertura, mas não o tipo de tr",espelho
5.0,"cobertura, rol, ans, recusa, danos, morais",material,AgInt no REsp 1.888.232,RAUL ARAUJO,QUARTA TURMA,2020-11-30,19,False,1,2022-02-14,2023-08-14,,,"AGRAVO INTERNO NO RECURSO ESPECIAL. AÇÃO DE OBRIGAÇÃO DE FAZER CUMULADA COM INDENIZAÇÃO. PLANO DE SAÚDE. NEGATIVA DE COBERTURA DE MEDICAMENTO PARA TRATAMENTO QUIMIOTERÁPICO. ILEGALIDADE DA RECUSA. PRECEDENTES. DANO MORAL CONFIGURADO. QUANTUM. VALOR RAZOÁVEL. AGRAVO INTERNO NÃO PROVIDO. 1. É possível que o plano de saúde estabeleça as doenças que terão cobertura, mas não o tipo de tratamento utilizado, sendo abusiva a negativa de cobertura do procedimento, tratamento, medicamento ou material considerado essencial para sua realização de acordo com o proposto pelo médico. Precedentes. 2. De acord",espelho
5.0,"cobertura, rol, ans, recusa, danos, morais",processual,AgInt no REsp 1.849.149,NANCY ANDRIGHI,TERCEIRA TURMA,2020-03-30,15,False,11,2022-02-21,2022-05-23,,,"PROCESSUAL CIVIL. AGRAVO INTERNO NO RECURSO ESPECIAL. AÇÃO DE OBRIGAÇÃO DE FAZER CUMULADA COM REPARAÇÃO POR DANOS MORAIS. EMBARGOS DE DECLARAÇÃO. OMISSÃO, CONTRADIÇÃO OU OBSCURIDADE. NÃO OCORRÊNCIA. HARMONIA ENTRE O ACÓRDÃO RECORRIDO E A JURISPRUDÊNCIA DO STJ. SÚMULA 568/STJ. 1. Ação de obrigação de fazer cumulada com reparação por danos morais, fundada na negativa de cobertura de medicamento. 2. Ausentes os vícios do art. 1022 do CPC, rejeitam-se os embargos de declaração. 3. É abusiva a recusa da operadora do plano de saúde de arcar com a cobertura do medicamento prescrito pelo médico para o",espelho
5.0,"cobertura, rol, ans, recusa, danos, morais",material,AgInt no AREsp 1.661.348,RAUL ARAUJO,QUARTA TURMA,2020-08-24,13,False,1,2022-02-14,2022-06-06,,,"AGRAVO INTERNO NO AGRAVO EM RECURSO ESPECIAL. DECISÃO DA PRESIDÊNCIA. RECONSIDERAÇÃO. AÇÃO DE OBRIGAÇÃO DE FAZER. PLANO DE SAÚDE. PROCEDIMENTO CIRÚRGICO DE URGÊNCIA. RECUSA DE CUSTEIO. ILEGALIDADE. DANO MORAL CONFIGURADO. QUANTUM INDENIZATÓRIO. VALOR RAZOÁVEL. AGRAVO INTERNO PROVIDO PARA CONHECER DO AGRAVO E NEGAR PROVIMENTO AO RECURSO ESPECIAL. 1. Agravo interno contra decisão da Presidência que não conheceu do agravo em recurso especial, em razão da falta de impugnação específica de fundamento decisório. Reconsideração. 2. O Superior Tribunal de Justiça possui entendimento de que o plano de ",espelho
5.0,"cobertura, rol, ans, recusa, danos, morais",material,AgInt no REsp 1.829.583,,,,13,False,0,2022-02-21,2023-10-30,,,,citacao
5.0,"cobertura, rol, ans, recusa, danos, morais",processual,AgInt no AREsp 1.573.008,NANCY ANDRIGHI,TERCEIRA TURMA,2020-02-10,12,False,11,2022-03-21,2025-05-19,,,"PROCESSUAL CIVIL. AGRAVO INTERNO NO AGRAVO EM RECURSO ESPECIAL. AÇÃO DE OBRIGAÇÃO DE FAZER. PLANO DE SAÚDE. AUSÊNCIA. SÚMULA 211/STJ. EMBARGOS DE DECLARAÇÃO. OMISSÃO, CONTRADIÇÃO OU OBSCURIDADE. NÃO OCORRÊNCIA. HARMONIA DA DECISÃO RECORRIDA COM A JURISPRUDÊNCIA DO STJ. SÚMULA 568 DO STJ. 1. Ação de obrigação de fazer cumulada com reparação por danos morais. 2. A ausência de decisão acerca dos dispositivos legais indicados como violados impede o conhecimento do recurso especial. 3. Ausentes os vícios do art. 1.022 do CPC, rejeitam-se os embargos de declaração. 4. É abusiva a recusa da operadora",espelho
5.0,"cobertura, rol, ans, recusa, danos, morais",material,AgInt no REsp 1.712.056,LUIS FELIPE SALOMAO,QUARTA TURMA,2018-12-13,11,False,0,2022-03-21,2022-05-16,,,"AGRAVO INTERNO. DIREITO CIVIL. PLANO DE SAÚDE EMPRESA SEM FINS LUCRATIVOS E QUE OPERA POR AUTOGESTÃO. FORNECIMENTO DE MEDICAMENTOS DE USO DOMICILIAR - OFF LABEL - EXPERIMENTAL - ROL DA ANS. OBRIGATORIEDADE. 1. A avaliação acerca da abusividade da conduta de entidade de autogestão ao negar a cobertura de medicamentos ou tratamentos médicos está sujeita à aplicação subsidiária das normas gerais e dos preceitos do Código Civil, em virtude da natureza do negócio firmado, a teor dos artigos 422, 423 e 424 do CC. Precedentes. 2. É abusiva a recusa da operadora do plano de saúde de arcar com a cobert",espelho
5.0,"cobertura, rol, ans, recusa, danos, morais",material,AgInt no AREsp 1.490.311,RAUL ARAUJO,QUARTA TURMA,2019-09-17,11,False,0,2022-03-21,2022-05-16,,,"AGRAVO INTERNO NO AGRAVO EM RECURSO ESPECIAL. DECISÃO DA PRESIDÊNCIA. RECONSIDERAÇÃO. AÇÃO DE OBRIGAÇÃO DE FAZER CUMULADA COM INDENIZAÇÃO POR DANOS MORAIS. PLANO DE SAÚDE. PACIENTE PORTADORA DE ESCLEROSE MÚLTIPLA. NEGATIVA DE COBERTURA DE MEDICAMENTO NÃO PREVISTO NO ROL OBRIGATÓRIO DA ANS. RECUSA ABUSIVA. DANOS MORAIS. OCORRÊNCIA. QUANTUM INDENIZATÓRIO. VALOR RAZOÁVEL. AGRAVO INTERNO PROVIDO PARA CONHECER DO AGRAVO E NEGAR PROVIMENTO AO RECURSO ESPECIAL. 1. A necessidade de impugnação específica - prevista no art. 932, III, do CPC/2015 e Súmula 182/STJ - não se aplica ao fundamento relativo à ",espelho
5.0,"cobertura, rol, ans, recusa, danos, morais",material,AgInt no AREsp 1.471.762,MARCO AURELIO BELLIZZE,TERCEIRA TURMA,2020-03-23,10,False,0,2022-02-21,2023-03-20,,,"AGRAVO INTERNO NO AGRAVO EM RECURSO ESPECIAL. AÇÃO DE REPARAÇÃO POR DANOS MATERIAIS E MORAIS. 1. TRATAMENTO PRESCRITO PELO MÉDICO. CONDUTA ABUSIVA. INDEVIDA NEGATIVA DE COBERTURA. PRECEDENTES. SÚMULA 83/STJ. 2. LIMITAÇÃO DE SESSÕES DE TERAPIA E COBRANÇA DE COPARTICIPAÇÃO. AUSÊNCIA DE PREQUESTIONAMENTO. INCIDÊNCIA DA SÚMULA 211/STJ. 3. AGRAVO INTERNO IMPROVIDO. 1. Com efeito, a jurisprudência desta Corte Superior já sedimentou entendimento no sentido de que ""não é cabível a negativa de tratamento indicado pelo profissional de saúde como necessário à saúde e à cura de doença efetivamente coberta",espelho
6.0,"medicamento, cobertura, uso, uso domiciliar, domiciliar, medicamento uso",material,REsp 1.692.938,RICARDO VILLAS BOAS CUEVA,TERCEIRA TURMA,2021-04-27,55,False,9,2022-03-28,2026-06-22,,"A jurisprudência do Superior Tribunal de Justiça firmou orientação de ser, em regra, lícita a exclusão contratual do fornecimento de medicamentos para tratamento domiciliar, ressalvados os antineoplásicos orais, a medicação assistida  e aqueles incluídos no rol da ANS para esse fim, conforme interpretação do art. 10, VI, da Lei 9.656/98 e do art. 17, parágrafo único, VI, da RN ANS 465/2021 .","RECURSO ESPECIAL. CIVIL. PLANO DE SAÚDE. MEDICAMENTO DE USO DOMICILIAR. CUSTEIO. OPERADORA. NÃO OBRIGATORIEDADE. ANTINEOPLÁSICO ORAL. NÃO CARACTERIZAÇÃO. LIMITAÇÃO LÍCITA. CONTRATO ACESSÓRIO DE MEDICAÇÃO DE USO DOMICILIAR. POSSIBILIDADE. ASSISTÊNCIA FARMACÊUTICA. SUS. POLÍTICA PÚBLICA. REMÉDIOS DE ALTO CUSTO. RELAÇÃO NACIONAL DE MEDICAMENTOS ESSENCIAIS (RENAME). 1. Recurso especial interposto contra acórdão publicado na vigência do Código de Processo Civil de 2015 (Enunciados Administrativos nºs 2 e 3/STJ). 2. Cinge-se a controvérsia a definir se medicamento de uso domiciliar (no caso, Viekira",espelho
6.0,"medicamento, cobertura, uso, uso domiciliar, domiciliar, medicamento uso",material,AgInt nos EREsp 1.895.659,RICARDO VILLAS BOAS CUEVA,SEGUNDA SEÇÃO,2022-11-29,46,True,0,2023-06-05,2026-06-30,,"""A medicação intravenosa ou injetável que necessite de supervisão direta de profissional habilitado em saúde não é considerada como tratamento domiciliar "" .","AGRAVO INTERNO NOS EMBARGOS DE DIVERGÊNCIA EM RECURSO ESPECIAL. CIVIL. PLANO DE SAÚDE. MEDICAMENTO DE USO DOMICILIAR. CUSTEIO. OPERADORA. NÃO OBRIGATORIEDADE. ANTINEOPLÁSICO ORAL. NÃO CARACTERIZAÇÃO. LIMITAÇÃO LÍCITA. CONTRATO ACESSÓRIO DE MEDICAÇÃO DE USO DOMICILIAR. POSSIBILIDADE. ASSISTÊNCIA FARMACÊUTICA. SUS. POLÍTICA PÚBLICA. REMÉDIOS DE ALTO CUSTO. RELAÇÃO NACIONAL DE MEDICAMENTOS ESSENCIAIS (RENAME). JURISPRUDÊNCIA ATUAL. SÚMULA Nº 168/STJ. 1. É lícita a exclusão, na Saúde Suplementar, do fornecimento de medicamentos para tratamento domiciliar, isto é, aqueles prescritos pelo médico ass",espelho
6.0,"medicamento, cobertura, uso, uso domiciliar, domiciliar, medicamento uso",material,REsp 1.883.654,LUIS FELIPE SALOMAO,QUARTA TURMA,2021-06-08,28,False,3,2022-03-28,2026-06-15,,"""Domiciliar, de acordo com a lei, refere-se a ambiente que, necessariamente, contrapõe-se a ambulatorial e a hospitalar, com o que se exclui da cobertura legal o fornecimento de medicamentos que, mesmo prescritos pelos profissionais da saúde e ministrados sob sua recomendação e responsabilidade, devam ser utilizados fora de ambulatório ou hospital"" .","RECURSO ESPECIAL. PLANO DE SAÚDE. TRATAMENTO DE POLINEUROPATIA AMILOIDÓTICA FAMILIAR. MEDICAMENTO DE USO DOMICILIAR. NÃO ENQUADRAMENTO COMO ANTINEOPLÁSICO, COMO MEDICAÇÃO ASSISTIDA (HOME CARE) NEM ESTÁ ENTRE OS INCLUÍDOS NO ROL DA ANS PARA ESSE FIM. COBERTURA LEGAL OBRIGATÓRIA. INEXISTÊNCIA. PRECEDENTE DA TERCEIRA TURMA. PRESERVAÇÃO DA TRIPARTIÇÃO DE PODERES. IMPRESCINDIBILIDADE. 1. ""É lícita a exclusão, na Saúde Suplementar, do fornecimento de medicamentos para tratamento domiciliar, isto é, aqueles prescritos pelo médico assistente para administração em ambiente externo ao de unidade de saúd",espelho
6.0,"medicamento, cobertura, uso, uso domiciliar, domiciliar, medicamento uso",material,AgInt no AREsp 1.653.706,MARCO AURELIO BELLIZZE,TERCEIRA TURMA,2020-10-19,23,False,0,2022-05-30,2026-04-13,,"Segundo a jurisprudência do STJ, ""é abusiva a recusa da operadora do plano de saúde de custear a cobertura do medicamento registrado na ANVISA e prescrito pelo médico do paciente, ainda que se trate de fármaco off-label, ou utilizado em caráter experimental"" , especialmente na hipótese em que se mostra imprescindível à conservação da vida e saúde do beneficiário.",,citacao
6.0,"medicamento, cobertura, uso, uso domiciliar, domiciliar, medicamento uso",material,AgInt no REsp 1.680.415,MARCO BUZZI,QUARTA TURMA,2020-08-31,21,False,5,2022-02-21,2024-06-17,,"Segundo a jurisprudência do STJ, ""é abusiva a recusa da operadora do plano de saúde de custear a cobertura do medicamento registrado na ANVISA e prescrito pelo médico do paciente, ainda que se trate de fármaco off-label, ou utilizado em caráter experimental"" , especialmente na hipótese em que se mostra imprescindível à conservação da vida e saúde do beneficiário.","AGRAVO INTERNO NO RECURSO ESPECIAL ? AÇÃO DE OBRIGAÇÃO DE FAZER ? DECISÃO MONOCRÁTICA QUE NEGOU PROVIMENTO AO RECLAMO. INSURGÊNCIA RECURSAL DA REQUERIDA. 1. Nos termos da jurisprudência desta Corte, revela-se abusivo o preceito excludente do custeio, pelo plano de saúde, dos meios e materiais necessários ao melhor desempenho do tratamento clinico ou do procedimento cirúrgico ou de internação hospitalar relativos a doença coberta. 1.1. Incide nos óbices das Súmulas 5 e 7/STJ a pretensão voltada para discutir a conduta da operadora recorrente, as características dos serviços envolvidos e a preme",espelho
6.0,"medicamento, cobertura, uso, uso domiciliar, domiciliar, medicamento uso",material,AgInt no AREsp 1.536.948,MARIA ISABEL GALLOTTI,QUARTA TURMA,2020-05-25,21,False,1,2022-02-14,2024-06-17,,"Segundo a jurisprudência do STJ, ""é abusiva a recusa da operadora do plano de saúde de custear a cobertura do medicamento registrado na ANVISA e prescrito pelo médico do paciente, ainda que se trate de fármaco off-label, ou utilizado em caráter experimental"" , especialmente na hipótese em que se mostra imprescindível à conservação da vida e saúde da beneficiária, consoante asseverado na decisão agravada.","AGRAVO INTERNO NO AGRAVO EM RECURSO ESPECIAL. PLANO DE SAÚDE. FORNECIMENTO DE MEDICAMENTO. USO OFF LABEL. RECUSA INDEVIDA. DANOS MORAIS CONFIGURADOS. REEXAME DE PROVAS. SÚMULA 7/STJ. DISSÍDIO JURISPRUDENCIAL PREJUDICADO. AGRAVO NÃO PROVIDO. 1. ""A jurisprudência desta Corte é no sentido de que os planos de saúde podem, por expressa disposição contratual, restringir as enfermidades cobertas, sendo-lhes vedado, no entanto, limitar os tratamentos a serem realizados, inclusive os experimentais. Considera-se abusiva a negativa de cobertura de plano de saúde quando a doença do paciente não constar na",espelho
6.0,"medicamento, cobertura, uso, uso domiciliar, domiciliar, medicamento uso",material,AgInt no AREsp 1.677.613,,TERCEIRA TURMA,2020-09-28,16,False,0,2022-05-30,2024-06-17,,"Segundo a jurisprudência do STJ, ""é abusiva a recusa da operadora do plano de saúde de custear a cobertura do medicamento registrado na ANVISA e prescrito pelo médico do paciente, ainda que se trate de fármaco off-label, ou utilizado em caráter experimental"" , especialmente na hipótese em que se mostra imprescindível à conservação da vida e saúde do beneficiário.",,citacao
6.0,"medicamento, cobertura, uso, uso domiciliar, domiciliar, medicamento uso",material,REsp 2.071.955,NANCY ANDRIGHI,TERCEIRA TURMA,2024-03-05,16,False,7,2025-02-17,2026-06-30,,"""A regra que impõe a obrigação de cobertura de tratamento ou procedimento não listado no rol da ANS  não alcança as exceções previstas nos incisos do caput do art. 10 da Lei 9.656/1998, de modo que, salvo nas hipóteses estabelecidas na lei, no contrato ou em norma regulamentar, não pode a operadora ser obrigada à cobertura de medicamento de uso domiciliar, ainda que preenchidos os requisitos do § 13 do art. 10 da Lei 9.656/1998"" .","RECURSO ESPECIAL. FUNDAMENTAÇÃO DEFICIENTE. SÚM. 284/STF. AUSÊNCIA DE PREQUESTIONAMENTO. SÚM. 282/STF. AÇÃO DE OBRIGAÇÃO DE FAZER. PLANO DE SAÚDE. COBERTURA DE MEDICAMENTO DE USO DOMICILIAR NÃO LISTADO NO ROL DA ANS. CANABIDIOL PRATI-DONADUZZI. PRESCRIÇÃO QUE ATENDE AOS REQUISITOS DO § 13 DO ART. 10 DA LEI 9.656/1998. 1. Ação de obrigação de fazer ajuizada em 06/01/2022, da qual foi extraído o presente recurso especial, interposto em 11/01/2023 e concluso ao gabinete em 23/05/2023. 2. O propósito recursal é decidir sobre a obrigação de cobertura, pela operadora de plano de saúde, de medicament",espelho
6.0,"medicamento, cobertura, uso, uso domiciliar, domiciliar, medicamento uso",material,REsp 1.755.866 + REsp 1.809.486,MARCO BUZZI,SEGUNDA SEÇÃO,2020-12-09,14,True,0,2022-02-22,2026-05-04,"Tema Repetitivo 1032
Situação do tema: Trânsito em Julgado",,"RECURSO ESPECIAL REPRESENTATIVO DE CONTROVÉRSIA - ARTIGO 1036 E SEGUINTES DO CPC/2015 - AÇÃO COMINATÓRIA DE OBRIGAÇÃO DE FAZER C/C DECLARATÓRIA DE NULIDADE CONTRATUAL - PROCEDÊNCIA DA DEMANDA, NA ORIGEM, ANTE A ENTÃO REPUTADA ABUSIVIDADE NA LIMITAÇÃO DE COBERTURA APÓS O TRIGÉSIMO DIA DE INTERNAÇÃO PSIQUIÁTRICA - INSURGÊNCIA DA OPERADORA DO PLANO DE SAÚDE VOLTADA À DECLARAÇÃO DE LEGALIDADE DA CLÁUSULA CONTRATUAL DE PLANO DE SAÚDE QUE ESTABELECE O PAGAMENTO PARCIAL PELO CONTRATANTE, A TÍTULO DE COPARTICIPAÇÃO, NA HIPÓTESE DE INTERNAÇÃO HOSPITALAR SUPERIOR A 30 DIAS DECORRENTE DE TRANSTORNOS PSIQ",espelho
7.0,"cobertura, danos, morais, danos morais, tratamento, fazer",material,AgInt no REsp 1.911.308,,,,25,False,0,2022-04-04,2024-02-26,,,,citacao
7.0,"cobertura, danos, morais, danos morais, tratamento, fazer",processual,REsp 1.947.036,NANCY ANDRIGHI,TERCEIRA TURMA,2022-02-22,22,False,0,2022-04-11,2025-06-16,,,"RECURSO ESPECIAL. AÇÃO DE OBRIGAÇÃO DE FAZER. FUNDAMENTO DO ACÓRDÃO NÃO IMPUGNADO. SÚMULA 283/STF. PLANO DE SAÚDE. INTERNAÇÃO DOMICILIAR. COPARTICIPAÇÃO EM PERCENTUAL. IMPOSSIBILIDADE. DANO MORAL. HARMONIA ENTRE O ACÓRDÃO RECORRIDO E A JURISPRUDÊNCIA DO STJ. CARACTERIZAÇÃO. REEXAME DE FATOS E PROVAS. INADMISSIBILIDADE. JULGAMENTO: CPC/15. 1. Ação de obrigação de fazer ajuizada em 13/06/2019, da qual foi extraído o presente recurso especial, interposto em 06/05/2021 e atribuído ao gabinete em 01/07/2021. Julgamento: CPC/15. 2. O propósito recursal consiste em decidir sobre: (i) a possibilidade ",espelho
7.0,"cobertura, danos, morais, danos morais, tratamento, fazer",material,AgInt no AREsp 1.725.002,MARIA ISABEL GALLOTTI,QUARTA TURMA,2021-04-19,21,False,0,2022-02-21,2026-04-13,,"De acordo com a jurisprudência do Superior Tribunal de Justiça, ""é abusiva a cláusula contratual que veda a internação domiciliar  como alternativa à internação hospitalar"" .","AGRAVO INTERNO NO AGRAVO EM RECURSO ESPECIAL. PLANO DE SAÚDE. RECUSA DE COBERTURA DE TRATAMENTO DOMICILIAR (HOME CARE). ABUSIVIDADE. IMPRESCINDIBILIDADE COMPROVADA. DANOS MORAIS CONFIGURADOS. IMPOSSIBILIDADE DE REVISÃO DO VALOR DA CONDENAÇÃO. REEXAME DE PROVAS. SÚMULA 7/STJ. AGRAVO NÃO PROVIDO. 1. Conforme jurisprudência do Superior Tribunal de Justiça, é abusiva a cláusula contratual que veda a internação domiciliar (home care) como alternativa à internação hospitalar. 2. Não cabe, em recurso especial, reexaminar matéria fático-probatória (Súmula n. 7/STJ). 3. Admite a jurisprudência do Super",espelho
7.0,"cobertura, danos, morais, danos morais, tratamento, fazer",material,AgInt no REsp 1.918.607,,,,20,False,0,2022-04-04,2022-06-27,,,,citacao
7.0,"cobertura, danos, morais, danos morais, tratamento, fazer",material,AgInt no AREsp 2.056.204,MARCO BUZZI,QUARTA TURMA,2022-06-27,15,False,0,2022-08-15,2025-03-31,,,"AGRAVO INTERNO NO AGRAVO EM RECURSO ESPECIAL - AÇÃO DE OBRIGAÇÃO DE FAZER C/C PEDIDO CONDENATÓRIO - DECISÃO MONOCRÁTICA QUE NEGOU PROVIMENTO AO RECLAMO. INSURGÊNCIA RECURSAL DA DEMANDADA. 1. A Corte de origem manifestou-se expressamente acerca dos temas necessários a solução da controvérsia, de modo que, ausente qualquer omissão, contradição ou obscuridade, não se verifica a ofensa ao artigo 1.022 do CPC/15. 2. Nos termos da jurisprudência desta Corte, é abusiva a cláusula contratual que veda a internação domiciliar (home care) como alternativa à internação hospitalar. Incidência da Súmula 83/",espelho
7.0,"cobertura, danos, morais, danos morais, tratamento, fazer",material,AgInt nos EDcl no AgInt no AREsp 1.689.448,MOURA RIBEIRO,TERCEIRA TURMA,2025-06-16,14,False,14,2022-03-21,2025-05-26,,,"PROCESSUAL CIVIL. AGRAVO EM RECURSO ESPECIAL. AÇÃO DE OBRIGAÇÃO DE FAZER CUMULADA COM PEDIDO DE INDENIZAÇÃO POR DANOS MORAIS. PLANO DE SAÚDE. RECUSA DE CUSTEIO DE CIRURGIA PLÁSTICA EM PACIENTE PÓS-CIRURGIA BARIÁTRICA. TEMA 1069 DO STJ. APELO NOBRE NÃO ADMITIDO NA ORIGEM PORQUE A MATÉRIA FOI JULGADA SEGUNDO O RITO DO DO ART 1.030, I, B, DO CPC. AGRAVO EM RECURSO ESPECIAL. NÃO CABIMENTO. DANOS MORAIS. NÃO CARACTERIZADOS. AGRAVO PARCIALMENTE CONHECIDO. RECURSO ESPECIAL CONHECIDO EM PARTE E, NESSA EXTENSÃO, PROVIDO. 1. Descabimento do agravo previsto no art. 1.042, caput, do CPC quando a Corte est",espelho
7.0,"cobertura, danos, morais, danos morais, tratamento, fazer",material,REsp 1.766.181,NANCY ANDRIGHI,TERCEIRA TURMA,2019-12-03,10,False,1,2022-02-22,2025-03-31,,,"RECURSO ESPECIAL. PLANO DE SAÚDE. PESSOA JURÍDICA DE DIREITO PÚBLICO. AUTARQUIA MUNICIPAL. AUTOGESTÃO. CÓDIGO DE DEFESA DO CONSUMIDOR. INAPLICABILIDADE. SÚMULA Nº 608/STJ. LEI DOS PLANOS. APLICABILIDADE. ART. 1º, § 2º, DA LEI Nº 9.656/1998. INTERNAÇÃO DOMICILIAR. HOME CARE. VEDAÇÃO. ABUSIVIDADE. 1. Recurso especial interposto contra acórdão publicado na vigência do Código de Processo Civil de 2015 (Enunciados Administrativos nºs 2 e 3/STJ). 2. Cinge-se a controvérsia a discutir a aplicação do Código de Defesa do Consumidor e da Lei nº 9.656/1998 à pessoa jurídica de direito público de natureza",espelho
8.0,"impugnação específica, específica, impugnação, inadmissibilidade ausência, inadmissibilidade ausência impugnação, declaração",processual,AgInt no AREsp 2.101.598,MARIA ISABEL GALLOTTI,QUARTA TURMA,2022-09-26,20,False,0,2025-04-28,2026-08-24,,,"AGRAVO INTERNO. AGRAVO EM RECURSO ESPECIAL. AÇÃO DE INDENIZAÇÃO. DANOS MATERIAIS E MORAIS. APLICAÇÃO DA SÚMULA 7/STJ. AUSÊNCIA DE IMPUGNAÇÃO AOS FUNDAMENTOS DA DECISÃO AGRAVADA. NÃO CONHECIMENTO. ART. 932, III, DO CÓDIGO DE PROCESSO CIVIL. SÚMULA 182/STJ. APLICAÇÃO POR ANALOGIA. NÃO PROVIMENTO. 1. Nos termos do art. 932, III, do Código de Processo Civil, não se conhece de agravo cujas razões não impugnam especificamente todos os fundamentos da decisão agravada. Aplicação, por analogia, do enunciado n. 182 da Súmula do STJ. 2. Agravo interno a que se nega provimento.",espelho
8.0,"impugnação específica, específica, impugnação, inadmissibilidade ausência, inadmissibilidade ausência impugnação, declaração",processual,AgInt no AREsp 2.053.156,MOURA RIBEIRO,TERCEIRA TURMA,2022-08-15,20,False,0,2025-04-28,2026-08-24,,,"PROCESSUAL CIVIL. AGRAVO INTERNO NO AGRAVO EM RECURSO ESPECIAL. RECURSO MANEJADO SOB A ÉGIDE DO NCPC. AUSÊNCIA DE IMPUGNAÇÃO ESPECÍFICA AOS FUNDAMENTOS DA DECISÃO AGRAVADA. INOBSERVÂNCIA DO ART. 1.021, § 1º, DO NCPC E INCIDÊNCIA DA SÚMULA N.º 182 DO STJ. PLEITO DE ANÁLISE DE MATÉRIA CONSTITUCIONAL. DESCABIMENTO. PRECEDENTES. AGRAVO NÃO CONHECIDO. 1. Aplica-se o NCPC a este julgamento ante os termos do Enunciado Administrativo n.º 3, aprovado pelo Plenário do STJ na sessão de 9/3/2016: Aos recursos interpostos com fundamento no CPC/2015 (relativos a decisões publicadas a partir de 18 de março d",espelho
8.0,"impugnação específica, específica, impugnação, inadmissibilidade ausência, inadmissibilidade ausência impugnação, declaração",processual,AgInt no REsp 1.964.122,RICARDO VILLAS BOAS CUEVA,TERCEIRA TURMA,2022-09-05,18,False,0,2024-02-26,2026-08-24,,,"AGRAVO INTERNO NO RECURSO ESPECIAL. PROCESSUAL CIVIL. INOVAÇÃO. IMPOSSIBILIDADE. DECISÃO AGRAVADA. FUNDAMENTOS. IMPUGNAÇÃO. AUSÊNCIA. ART. 1.021, § 1º, DO CPC/2015. SÚMULA Nº 182 DO SUPERIOR TRIBUNAL DE JUSTIÇA. ART. 85, § 11, DO CPC/2015. HONORÁRIOS. MAJORAÇÃO. INVIABILIDADE. 1. É impossível a análise de teses alegadas apenas nas razões do agravo interno por se tratar de evidente inovação recursal. 2. Não pode ser conhecido o recurso que não infirma especificamente os fundamentos da decisão agravada, haja vista o disposto no art. 1.021, § 1º, do Código de Processo Civil de 2015. O conteúdo no",espelho
8.0,"impugnação específica, específica, impugnação, inadmissibilidade ausência, inadmissibilidade ausência impugnação, declaração",material,AgInt nos EREsp 1.841.540,LUIS FELIPE SALOMAO,SEGUNDA SEÇÃO,2022-08-24,15,True,0,2026-06-01,2026-08-24,,,"AGRAVO INTERNO NOS EMBARGOS DE DIVERGÊNCIA. PRELIMINAR. SOBRESTAMENTO. CONTROVÉRSIA DE FUNDO AFETADA EM REPETITIVO. TEMA 1112. INVIABILIDADE DE SUSPENDER PROCESSOS EM JULGAMENTO NO STJ. PRECEDENTES. DECISÃO RECORRIDA., SÚMULA 168/STJ. PRECEDENTE DA SEGUNDA SEÇÃO UTILIZADO COMO ARGUMENTO. AGRAVANTE QUE SE LIMITA A APONTAR DIVERGÊNCIA DENTRO DA TERCEIRA TURMA. SÚMULA 182/STJ. NÃO CONHECIDO. 1. Conforme pacificado na jurisprudência desta Corte: ""A afetação de determinado recurso ao rito dos repetitivos, nos termos do art. 543-C do CPC, não implica a suspensão ou o sobrestamento das demais ações j",espelho
8.0,"impugnação específica, específica, impugnação, inadmissibilidade ausência, inadmissibilidade ausência impugnação, declaração",processual,AgInt no AREsp 1.223.865,MARCO AURELIO BELLIZZE,TERCEIRA TURMA,2018-03-22,13,False,0,2023-08-14,2026-08-24,,,,citacao
8.0,"impugnação específica, específica, impugnação, inadmissibilidade ausência, inadmissibilidade ausência impugnação, declaração",processual,EDcl no AgRg nos EDcl no AREsp 1.571.819,,CORTE ESPECIAL,2020-08-25,12,True,0,2026-06-08,2026-08-24,,,,citacao
9.0,"carência, urgência, emergência, obrigação fazer, obrigação, fazer",material,AgInt no REsp 1.838.679,RAUL ARAUJO,QUARTA TURMA,2020-03-03,19,False,11,2022-03-28,2026-02-09,,"No entanto, nas hipóteses em que há recusa de cobertura por parte da operadora do plano de saúde para tratamento de urgência ou emergência, segundo entendimento jurisprudencial desta Corte, há configuração de danos morais indenizáveis"" .","AGRAVO INTERNO NO RECURSO ESPECIAL. PLANO DE SAÚDE. NEGATIVA DE AUTORIZAÇÃO PARA TRATAMENTO DE URGÊNCIA OU EMERGÊNCIA DE DOENÇA GRAVE. PERÍODO DE CARÊNCIA. CLÁUSULA ABUSIVA. DANO MORAL CONFIGURADO. AGRAVO INTERNO A QUE SE NEGA PROVIMENTO. 1. A jurisprudência desta Corte é no sentido de que o mero descumprimento contratual não enseja indenização por dano moral. No entanto, nas hipóteses em que há recusa de cobertura por parte da operadora do plano de saúde para tratamento de urgência ou emergência, segundo entendimento jurisprudencial desta Corte, há configuração de danos morais indenizáveis. 2",espelho
9.0,"carência, urgência, emergência, obrigação fazer, obrigação, fazer",material,AgInt no REsp 1.815.543,RAUL ARAUJO,QUARTA TURMA,2019-10-15,15,False,14,2022-02-14,2025-09-15,,,"AGRAVO INTERNO NO RECURSO ESPECIAL. PLANO DE SAÚDE. NEGATIVA DE AUTORIZAÇÃO PARA TRATAMENTO DE URGÊNCIA OU EMERGÊNCIA DE DOENÇA GRAVE. PERÍODO DE CARÊNCIA. CLÁUSULA ABUSIVA. DANO MORAL CONFIGURADO. AGRAVO INTERNO A QUE SE NEGA PROVIMENTO. 1. A jurisprudência desta Corte é no sentido de que o mero descumprimento contratual não enseja indenização por dano moral. No entanto, nas hipóteses em que há recusa de cobertura por parte da operadora do plano de saúde para tratamento de urgência ou emergência, segundo entendimento jurisprudencial desta Corte, há configuração de danos morais indenizáveis. 2",espelho
9.0,"carência, urgência, emergência, obrigação fazer, obrigação, fazer",material,AgRg no REsp 971.113,JOAO OTAVIO DE NORONHA,QUARTA TURMA,2010-02-23,14,False,0,2022-02-14,2024-05-13,,,"AGRAVO REGIMENTAL NO RECURSO ESPECIAL. INDENIZAÇÃO. FIXAÇÃO EM SALÁRIOS MÍNIMOS. POSSIBILIDADE. DANOS MORAIS. INSCRIÇÃO EM CADASTROS DE PROTEÇÃO AO CRÉDITO. QUANTUM INDENIZATÓRIO FIXADO EM 50 (CINQUENTA) SALÁRIOS MÍNIMOS. 1. É inadmitida a utilização do salário mínimo como fator de correção monetária; todavia, não há nenhuma vedação legal a que se fixe o valor de indenização por danos morais tomando como referência tal parâmetro. 2. A alteração, em recurso especial, dos valores arbitrados a título de reparação de danos morais somente é possível nos casos em que o valor determinado nas instânci",espelho
9.0,"carência, urgência, emergência, obrigação fazer, obrigação, fazer",material,AgRg no REsp 675.950,,,,14,False,0,2022-02-14,2024-05-13,,,,citacao
9.0,"carência, urgência, emergência, obrigação fazer, obrigação, fazer",processual,EAREsp 1.479.019,,CORTE ESPECIAL,2025-05-19,13,True,0,2025-08-18,2026-06-08,,"A Corte Especial, no julgamento do EAREsp n. 1.479.019/SP , firmou posicionamento vinculante no sentido de que: ""consoante a regra do art. 537, § 1°, do CPC, a modificação das astreintes somente é possível em relação à 'multa vincenda'"", e não à vencida, com na hipótese.",,citacao
9.0,"carência, urgência, emergência, obrigação fazer, obrigação, fazer",material,REsp 879.460,,QUARTA TURMA,2010-04-06,11,False,0,2022-02-14,2024-05-13,,,"CIVIL E PROCESSUAL. RECURSO ESPECIAL. DANO MORAL. PUBLICAÇÃO DE MATÉRIA JORNALÍSTICA OFENSIVA À HONRA. INDENIZAÇÃO. VALOR. PEDIDO DE ELEVAÇÃO DO MONTANTE FIXADO PELAS INSTÂNCIAS ORDINÁRIAS. IRRISÃO. PROVIMENTO. I. A intromissão do Superior Tribunal de Justiça na revisão do dano moral somente deve ocorrer em casos em que a razoabilidade for abandonada, denotando um valor indenizatório abusivo, a ponto de implicar enriquecimento indevido, ou irrisório, a ponto de tornar inócua a compensação pela ofensa efetivamente causada. II. Valor arbitrado pela instância recursal ordinária em desconformidade",espelho
9.0,"carência, urgência, emergência, obrigação fazer, obrigação, fazer",processual,EAREsp 1.766.665,RICARDO VILLAS BOAS CUEVA,CORTE ESPECIAL,2024-04-03,10,True,2,2025-08-18,2026-06-30,,"""Incide a preclusão consumativa sobre o montante acumulado da multa cominatória, de forma que, já tendo havido modificação, não é possível nova alteração, preservando-se as situações já consolidadas"" .",,citacao
10.0,"coletivo, aviso, prévio, cláusula aviso, cláusula aviso prévio, aviso prévio",material,REsp 1.842.751 + REsp 1.846.123,LUIS FELIPE SALOMAO,SEGUNDA SEÇÃO,2022-06-22,25,True,0,2022-08-15,2026-08-24,"Tema Repetitivo 1082
Situação do tema: Acórdão Publicado","""A operadora, mesmo após o exercício regular do direito à rescisão unilateral de plano coletivo, deverá assegurar a continuidade dos cuidados assistenciais prescritos a usuário internado ou em pleno tratamento médico garantidor de sua sobrevivência ou de sua incolumidade física, até a efetiva alta, desde que o titular arque integralmente com a contraprestação  devida"" .","RECURSO ESPECIAL REPRESENTATIVO DE CONTROVÉRSIA. PLANO DE SAÚDE COLETIVO. CANCELAMENTO UNILATERAL. BENEFICIÁRIO SUBMETIDO A TRATAMENTO MÉDICO DE DOENÇA GRAVE. 1. Tese jurídica firmada para fins do artigo 1.036 do CPC: ""A operadora, mesmo após o exercício regular do direito à rescisão unilateral de plano coletivo, deverá assegurar a continuidade dos cuidados assistenciais prescritos a usuário internado ou em pleno tratamento médico garantidor de sua sobrevivência ou de sua incolumidade física, até a efetiva alta, desde que o titular arque integralmente com a contraprestação (mensalidade) devida",espelho
10.0,"coletivo, aviso, prévio, cláusula aviso, cláusula aviso prévio, aviso prévio",material,AREsp 3.028.075,MOURA RIBEIRO,TERCEIRA TURMA,2025-11-24,17,False,0,2026-03-02,2026-08-12,,,"DIREITO DO CONSUMIDOR E CIVIL. RECURSO ESPECIAL. PLANO DE SAÚDE COLETIVO. COBRANÇA DE MENSALIDADES APÓS O PEDIDO DE CANCELAMENTO. CLÁUSULA DE AVISO PRÉVIO REMUNERADO. ABUSIVIDADE CONFIGURADA. VIOLAÇÃO DO ART. 51, IV E XV, DO CÓDIGO DE DEFESA DO CONSUMIDOR. ANULAÇÃO DO PARÁGRAFO ÚNICO DO ART. 17 DA RN Nº 195/2009 DA ANS PELA AÇÃO CIVIL PÚBLICA Nº 0136265-83.2013.4.02.5101. EFEITOS ERGA OMNES E EX TUNC. EDIÇÃO DA RN Nº 455/2020 EM CUMPRIMENTO À DECISÃO JUDICIAL. INEXIGIBILIDADE DA COBRANÇA APÓS O PEDIDO DE CANCELAMENTO. DISSÍDIO JURISPRUDENCIAL COMPROVADO. RECURSO ESPECIAL CONHECIDO E PROVIDO 1.",espelho
10.0,"coletivo, aviso, prévio, cláusula aviso, cláusula aviso prévio, aviso prévio",material,REsp 2.192.281,RAUL ARAUJO,QUARTA TURMA,2025-12-16,14,False,0,2026-04-13,2026-05-11,,,"DIREITO DO CONSUMIDOR. RECURSO ESPECIAL. PLANO DE SAÚDE COLETIVO EMPRESARIAL. REAJUSTE ABUSIVO. MIGRAÇÃO PARA PLANO INDIVIDUAL. INEXIGIBILIDADE DE AVISO PRÉVIO. RECURSO NÃO CONHECIDO. RAZÕES DE DECIDIR 1. Recurso especial interposto por operadora de plano de saúde contra acórdão do TJSP que manteve sentença favorável à autora, contratante de plano de saúde coletivo empresarial, que alegou reajuste abusivo de 103,68% e impossibilidade de migração de beneficiário em tratamento oncológico para plano individual, conforme previsão contratual. A sentença determinou a migração do beneficiário para pl",espelho
10.0,"coletivo, aviso, prévio, cláusula aviso, cláusula aviso prévio, aviso prévio",material,REsp 2.218.243,RAUL ARAUJO,QUARTA TURMA,2025-12-16,13,False,1,2026-03-30,2026-08-12,,,"DIREITO DO CONSUMIDOR. RECURSO ESPECIAL. PLANO DE SAÚDE COLETIVO EMPRESARIAL. RESCISÃO CONTRATUAL. CLÁUSULA DE AVISO PRÉVIO. ÍNDOLE ABUSIVA. RECURSO NÃO CONHECIDO. RAZÕES DE DECIDIR 1. Recurso especial interposto por operadora de plano de saúde contra acórdão do Tribunal de Justiça que manteve sentença de procedência em ação declaratória de inexistência de débito cumulada com obrigação de fazer e tutela de urgência, reconhecendo a índole abusiva de cláusula contratual que previa aviso prévio de 60 dias e cobrança de mensalidades após o pedido de rescisão do contrato de plano de saúde coletivo ",espelho
10.0,"coletivo, aviso, prévio, cláusula aviso, cláusula aviso prévio, aviso prévio",material,REsp 2.225.949,DANIELA TEIXEIRA,TERCEIRA TURMA,2025-09-22,12,False,8,2026-03-02,2026-06-15,,,DIREITO CIVIL E PROCESSUAL CIVIL. RECURSO ESPECIAL. PLANO DE SAÚDE. RESCISÃO CONTRATUAL. AVISO PRÉVIO DE 60 DIAS. NULIDADE DO PARÁGRAFO ÚNICO DO ART. 17 DA RN ANS Nº 195/2009 RECONHECIDA EM AÇÃO CIVIL PÚBLICA COM TRÂNSITO EM JULGADO. IMPOSSIBILIDADE DE COBRANÇA DE MENSALIDADES NO PERÍODO. NOVA RESOLUÇÃO DA ANS SOBRE A MATÉRIA NÃO MAIS PREVÊ A POSSIBILIDADE. REANÁLISE DE CLÁUSULAS CONTRATUAIS E PROVAS. ÓBICE DAS SÚMULAS 5 E 7/STJ. RECURSO ESPECIAL NÃO CONHECIDO. I. CASO EM EXAME : 1. Recurso especial interposto por operadora de plano de saúde contra acórdão do Tribunal de Justiça de São Paulo q,espelho
10.0,"coletivo, aviso, prévio, cláusula aviso, cláusula aviso prévio, aviso prévio",processual,AREsp 2.856.962,MOURA RIBEIRO,TERCEIRA TURMA,2025-12-09,11,False,0,2026-05-11,2026-05-11,,,"PROCESSUAL CIVIL. AGRAVO EM RECURSO ESPECIAL. CONHECIMENTO E PROVIMENTO. RECURSO ESPECIAL. NÃO CONHECIMENTO. RETENÇÃO DE HONORÁRIOS ADVOCATÍCIOS. NECESSIDADE DE AUTORIZAÇÃO PRÉVIA E EXPRESSA DO CLIENTE OU REQUERIMENTO JUDICIAL. AUSÊNCIA DE CONTRATO ESCRITO. ARBITRAMENTO JUDICIAL. ART. 22, § 2º, DA LEI Nº 8.906/94. ATO ILÍCITO. EXERCÍCIO ARBITRÁRIO DAS PRÓPRIAS RAZÕES. CONFORMIDADE COM A JURISPRUDÊNCIA DO SUPERIOR TRIBUNAL DE JUSTIÇA. INCIDÊNCIA DA SÚMULA 83 DO SUPERIOR TRIBUNAL DE JUSTIÇA. ALEGADA VIOLAÇÃO DO ART. 389 DO CÓDIGO CIVIL. FUNDAMENTAÇÃO DEFICIENTE. INCIDÊNCIA DA SÚMULA 284 DO SUPRE",espelho
11.0,"honorários, obrigação, cálculo, base, base cálculo, obrigação fazer",processual,REsp 1.746.072,NANCY ANDRIGHI,SEGUNDA SEÇÃO,2019-02-13,32,True,8,2022-03-21,2026-08-12,,"A orientação jurisprudencial da Segunda Seção do STJ, firmada por ocasião do julgamento do REsp 1.746.072/PR em 13/2/2019, é de que os honorários advocatícios sucumbenciais devem ser fixados, em regra, com observância dos percentuais e da ordem de gradação da base de cálculo estabelecida pelo art. 85, § 2º, do CPC/2015 .","RECURSO ESPECIAL. PROCESSUAL CIVIL. CÓDIGO DE PROCESSO CIVIL DE 2015. JUÍZO DE EQUIDADE NA FIXAÇÃO DE HONORÁRIOS ADVOCATÍCIOS DE SUCUMBÊNCIA. NOVAS REGRAS: CPC/2015, ART. 85, §§ 2º E 8º. REGRA GERAL OBRIGATÓRIA (ART. 85, § 2º). REGRA SUBSIDIÁRIA (ART. 85, § 8º). PRIMEIRO RECURSO ESPECIAL PROVIDO. SEGUNDO RECURSO ESPECIAL DESPROVIDO. 1. O novo Código de Processo Civil - CPC/2015 promoveu expressivas mudanças na disciplina da fixação dos honorários advocatícios sucumbenciais na sentença de condenação do vencido. 2. Dentre as alterações, reduziu, visivelmente, a subjetividade do julgador, restrin",espelho
11.0,"honorários, obrigação, cálculo, base, base cálculo, obrigação fazer",processual,REsp 1.850.512,,CORTE ESPECIAL,2022-05-31,20,True,0,2022-09-26,2026-08-24,,"Esta Corte, em julgamento sob o rito dos repetitivos, fixou a tese de que ""apenas se admite arbitramento de honorários por equidade quando, havendo ou não condenação:  o proveito econômico obtido pelo vencedor for inestimável ou irrisório; ou  o valor da causa for muito baixo"" .",,citacao
11.0,"honorários, obrigação, cálculo, base, base cálculo, obrigação fazer",material,REsp 1.738.737,NANCY ANDRIGHI,TERCEIRA TURMA,2019-10-08,15,False,3,2022-03-21,2026-06-08,,"Nessas hipóteses, o montante econômico da obrigação de fazer se expressa pelo valor da cobertura indevidamente negada"" .",RECURSO ESPECIAL. PROCESSUAL CIVIL. SAÚDE SUPLEMENTAR. PLANOS DE SAÚDE. AÇÃO DE OBRIGAÇÃO DE FAZER C/C COMPENSAÇÃO POR DANOS MORAIS. CUMPRIMENTO DE SENTENÇA. VIOLAÇÃO DA COISA JULGADA. AFASTADA. DEFINIÇÃO CLARA DO ALCANCE DA SUCUMBÊNCIA SEM MODIFICAÇÃO DO TÍTULO JUDICIAL. FASE DE CONHECIMENTO ENCERRADA COM A PROCEDÊNCIA DOS PEDIDOS DE OBRIGAÇÃO DE FAZER E DE PAGAR QUANTIA. HONORÁRIOS ADVOCATÍCIOS ARBITRADOS EM 15% SOBRE O VALOR DA CONDENAÇÃO. BASE DE CÁLCULO. VALOR DOS DANOS MORAIS MAIS O MONTANTE ECONÔMICO DO PROCEDIMENTO MÉDICO-HOSPITALAR REALIZADO. 1. Cumprimento de sentença do qual se extr,espelho
11.0,"honorários, obrigação, cálculo, base, base cálculo, obrigação fazer",material,REsp 1.846.502,RICARDO VILLAS BOAS CUEVA,TERCEIRA TURMA,2021-04-20,12,False,1,2022-02-15,2026-08-12,,"A jurisprudência desta Corte firmou-se no sentido de que, ""na hipótese de cancelamento do plano privado coletivo de assistência à saúde, deve ser permitido que os empregados ou ex-empregados migrem para planos individuais ou familiares, sem o cumprimento de carência, desde que a operadora comercialize esses planos"" .",RECURSO ESPECIAL. CIVIL E PROCESSUAL CIVIL. NEGATIVA DE PRESTAÇÃO JURISDICIONAL. NÃO OCORRÊNCIA. PLANO DE SAÚDE COLETIVO EMPRESARIAL. OPERADORA. RESILIÇÃO UNILATERAL. LEGALIDADE. INCONFORMISMO. USUÁRIO. PLANO INDIVIDUAL. MIGRAÇÃO. IMPOSSIBILIDADE. MODALIDADE. NÃO COMERCIALIZAÇÃO. PORTABILIDADE DE CARÊNCIAS. ADMISSIBILIDADE. BENEFICIÁRIO. TRATAMENTO MÉDICO. FINALIZAÇÃO. OBSERVÂNCIA. NECESSIDADE. NORMAS. INTERPRETAÇÃO SISTEMÁTICA E TELEOLÓGICA. 1. Recurso especial interposto contra acórdão publicado na vigência do Código de Processo Civil de 2015 (Enunciados Administrativos nºs 2 e 3/STJ). 2. As,espelho
11.0,"honorários, obrigação, cálculo, base, base cálculo, obrigação fazer",material,AgInt no REsp 1.896.523,MARIA ISABEL GALLOTTI,QUARTA TURMA,2021-05-03,10,False,1,2022-03-29,2025-08-18,,,"AGRAVO INTERNO NO RECURSO ESPECIAL. PLANO DE SAÚDE. HONORÁRIOS ADVOCATÍCIOS DE SUCUMBÊNCIA CALCULADOS SOBRE O VALOR DA CONDENAÇÃO. BASE DE CÁLCULO. OBRIGAÇÃO DE FAZER E DE PAGAR. AGRAVO NÃO PROVIDO. 1. Nas lides em que se discute a extensão da cobertura assistencial por parte dos planos de saúde, a obrigação de fazer determinada na sentença possui natureza condenatória e pode ser economicamente aferida, por meio do valor da cobertura indevidamente negada. 2. A decisão judicial transitada em julgado com a procedência dos pedidos de cumprimento da obrigação de fazer (fornecimento de cobertura de",espelho
12.0,"órtese, cobertura, craniana, órtese craniana, negativa, cirúrgico",material,REsp 1.731.762,NANCY ANDRIGHI,TERCEIRA TURMA,2018-05-22,18,False,2,2022-04-25,2026-08-12,,"Se o fornecimento de órtese essencial ao sucesso da cirurgia deve ser custeado, com muito mais razão a órtese que substitui esta cirurgia, por ter eficácia equivalente sem o procedimento médico invasivo do paciente portador de determinada moléstia .","RECURSO ESPECIAL. AÇÃO DE COBRANÇA C/C COMPENSAÇÃO POR DANOS MORAIS. VIOLAÇÃO DE SÚMULA. IMPOSSIBILIDADE. PLANO DE SAÚDE. FORNECIMENTO DE ÓRTESE. URGÊNCIA. PAGAMENTO PARTICULAR PELO BENEFICIÁRIO. REEMBOLSO. CONSUMIDOR. DESVANTAGEM EXAGERADA. DANO MORAL. MERO ABORRECIMENTO. DESCUMPRIMENTO CONTRATUAL. 1. Ação ajuizada em 16/05/14. Recurso especial interposto em 21/10/16 e concluso ao gabinete da Relatora em 20/02/18. Julgamento: CPC/15. 2. Ação de cobrança c/c compensação por danos morais, cuja causa de pedir diz respeito a negativa de operadora de plano de saúde em reembolsar o valor de órtese ",espelho
12.0,"órtese, cobertura, craniana, órtese craniana, negativa, cirúrgico",material,REsp 1.893.445,MARIA ISABEL GALLOTTI,QUARTA TURMA,2023-04-18,12,False,0,2023-10-09,2026-06-15,,"""a cobertura da órtese craniana indicada para o tratamento de braquicefalia e plagiocefalia posicional não encontra obstáculo nos artigos 10, VII, da Lei n. 9.656/98 e 20, §1º, VII da Resolução Normativa 428/2017 da ANS , visto que, apesar de não estar ligada ao ato cirúrgico propriamente dito, sua utilização destina-se a evitar a realização de cirurgia futura para correção da deformidade, evitando consequências funcionais negativas em recém-nascidos e crianças"" .","RECURSO ESPECIAL. PLANO DE SAÚDE. ROL DE PROCEDIMENTOS E EVENTOS DE COBERTURA MÍNIMA EM SAÚDE ELABORADO PELA ANS. PLAGIOCEFALIA E BRAQUICEFALIA. ÓRTESE SUBSTITUTIVA DE CIRURGIA CRANIANA. ART. 10, VII, DA LEI N° 9.656/98. NÃO INCIDÊNCIA. COBERTURA DEVIDA. 1. A cobertura da órtese craniana indicada para o tratamento de braquicefalia e plagiocefalia posicional não encontra obstáculo nos artigos 10, VII, da Lei n. 9.656/98 e 20, §1º, VII da Resolução Normativa 428/2017 da ANS (atual 17, VII, da RN 465/2021, visto que, apesar de não estar ligada ao ato cirúrgico propriamente dito, sua utilização de",espelho
12.0,"órtese, cobertura, craniana, órtese craniana, negativa, cirúrgico",material,AgInt no REsp 2.031.696,MARCO BUZZI,QUARTA TURMA,2023-03-27,12,False,0,2023-06-12,2024-06-17,,"""Nos termos da jurisprudência desta Corte, é devida a cobertura pelo plano de saúde de próteses e materiais diretamente ligadas ao ato cirúrgico"" .","AGRAVO INTERNO NO RECURSO ESPECIAL - AÇÃO COMINATÓRIA - DECISÃO MONOCRÁTICA QUE NEGOU PROVIMENTO AO RECURSO ESPECIAL. INSURGÊNCIA RECURSAL DA DEMANDANTE. 1. Nos termos da jurisprudência desta Corte, é devida a cobertura pelo plano de saúde de próteses e materiais diretamente ligadas ao ato cirúrgico. Precedentes. 1.1. No presente caso, não se trata de órtese cirúrgica. O art. 10, VII, da Lei n. 9.656/1998 prevê que as operadoras de planos de saúde não têm a obrigação de arcar com próteses e órteses e seus acessórios não ligados ao ato cirúrgico. 2. Agravo interno desprovido.",espelho
12.0,"órtese, cobertura, craniana, órtese craniana, negativa, cirúrgico",material,AgInt no AREsp 1.722.400,MARCO BUZZI,QUARTA TURMA,2020-12-15,11,False,0,2022-05-02,2025-08-25,,,"AGRAVO INTERNO NO AGRAVO EM RECURSO ESPECIAL - AÇÃO CONDENATÓRIA - DECISÃO MONOCRÁTICA QUE NEGOU PROVIMENTO AO RECLAMO. INSURGÊNCIA DA DEMANDADA. 1. A Corte local, com amparo nos elementos fático e probatórios dos autos, entendeu pela presença dos requisitos ensejadores do dever de indenizar na hipótese. O acolhimento da pretensão recursal, no ponto, demandaria a alteração das premissas fático probatórias estabelecidas pelo acórdão recorrido, com o revolvimento das provas carreadas aos autos, fazendo incidir o óbice da Súmula 7/STJ. Precedentes. 2. A indenização por danos morais fixada em quan",espelho
12.0,"órtese, cobertura, craniana, órtese craniana, negativa, cirúrgico",processual,AgInt no AREsp 1.577.124,RAUL ARAUJO,QUARTA TURMA,2020-04-20,10,False,1,2022-04-25,2024-04-22,,"""A lei estabelece que as operadoras de plano de saúde não podem negar o fornecimento de órteses, próteses e seus acessórios indispensáveis ao sucesso da cirurgia, como por exemplo a implantação de stents ou marcapassos em cirurgias cardíacas"" .","AGRAVO INTERNO NO AGRAVO EM RECURSO ESPECIAL. PLANO DE SAÚDE. NEGATIVA DE FORNECIMENTO DE ÓRTESE CRANIANA. ILEGALIDADE. AGRAVO INTERNO PROVIDO. RECURSO ESPECIAL DESPROVIDO. 1. Agravo interno contra decisão da Presidência que não conheceu do agravo. Reconsideração, diante da existência de impugnação, na petição de agravo, da decisão que não admitiu o recurso especial na origem. 2. Trata-se de ação de obrigação de fazer com pedido de tutela de urgência cumulada com danos morais, cuja causa de pedir está relacionada à negativa da operadora de plano de saúde de cobertura de órtese craniana, para t",espelho
12.0,"órtese, cobertura, craniana, órtese craniana, negativa, cirúrgico",material,AgInt no REsp 1.962.073,MARIA ISABEL GALLOTTI,QUARTA TURMA,2022-10-24,10,False,0,2023-04-17,2025-02-24,,,"AGRAVO INTERNO. AGRAVO EM RECURSO ESPECIAL. PLANO DE SAÚDE. NEGATIVA DE COBERTURA. FORNECIMENTO DE ÓRTESES E PRÓTESES. ACÓRDÃO EM HARMONIA COM A JURISPRUDÊNCIA DESTA CORTE. SÚMULA 83 DO STJ. INDENIZAÇÃO POR DANO MORAL. VALOR ARBITRADO. REEXAME DE FATOS E PROVAS. SÚMULA 7 DO STJ. 1. A jurisprudência desta Corte Superior firmou posicionamento no sentido de que ""a lei estabelece que as operadoras de plano de saúde não podem negar o fornecimento de órteses, próteses e seus acessórios indispensáveis ao sucesso da cirurgia"" (REsp 1.731.762/GO, Rel. Ministra Nancy Andrighi, Terceira Turma, julgado em",espelho
13.0,"titular, dependente, falecimento titular, falecimento, coletivo, dependentes",material,REsp 1.871.326,NANCY ANDRIGHI,TERCEIRA TURMA,2020-09-01,14,False,1,2022-05-16,2026-06-22,,,"RECURSO ESPECIAL. AÇÃO DE OBRIGAÇÃO DE FAZER. PLANO DE SAÚDE. CONTRATO COLETIVO POR ADESÃO. FALECIMENTO DO TITULAR. DEPENDENTE IDOSA. PRETENSÃO DE MANUTENÇÃO DO BENEFÍCIO. SÚMULA NORMATIVA 13/ANS. NÃO INCIDÊNCIA. ARTS. 30 E 31 DA LEI 9.656/1998. INTERPRETAÇÃO EXTENSIVA DOS PRECEITOS LEGAIS. CONDIÇÃO DE CONSUMIDOR HIPERVULNERÁVEL. JULGAMENTO: CPC/15. 1. Ação de obrigação de fazer ajuizada em 27/11/2017, da qual foi extraído o presente recurso especial, interposto em 24/09/2019 e atribuído ao gabinete em 17/04/2020. 2. O propósito recursal consiste em decidir sobre a manutenção de dependente em ",espelho
14.0,"comprovação, intempestividade, feriado, comprovação posterior, feriado local, segunda feira carnaval",material,REsp 1.813.684,NANCY ANDRIGHI,CORTE ESPECIAL,2020-02-03,10,True,0,2022-02-14,2025-02-17,,"A Corte Especial do STJ, ao modular os efeitos de decisão sobre a matéria, definiu que a comprovação posterior do feriado de segunda-feira de Carnaval é admissível apenas para recursos interpostos até 18/11/2019, data da publicação do acórdão proferido no REsp 1.813.684/SP.",,citacao
